"PCB.cir","Reference Designator","LMS-Number","SAP-Number","Usage","Status","Value","Parttype","Ex component","Cluster test","Package_tech","VariantenManagment","Package Name","Description"
"","reference","partName","partNumber","Traffic_Light","Status","Value","Parttype","Ex_component","Cluster_test","Package_tech","variation","packageName","Description"
"1.cmp5","C1","LMS-005465","71196101","green","","100u","","","","S","","SMD_C_POL_L10.5W10.5H10.5","SMD-ELKO      100U 50V 105C 20% 5000h"
"1.cmp11","C2","LMS-000100","50092748","green","","100n","","","","S","","SMD_0603_H0.9","SMD-KOND-KER  100n   50V 10%  X7R  603"
"1.cmp1285","C4","LMS-000100","50092748","green","","100n","","","","S","","SMD_0603_H0.9","SMD-KOND-KER  100n   50V 10%  X7R  603"
"1.cmp1275","C5","LMS-000100","50092748","green","","100n","","","","S","","SMD_0603_H0.9","SMD-KOND-KER  100n   50V 10%  X7R  603"
"1.cmp1294","C6","LMS-000100","50092748","green","","100n","","","","S","","SMD_0603_H0.9","SMD-KOND-KER  100n   50V 10%  X7R  603"
"1.cmp1274","C7","LMS-001886","71078950","green","","100u","","","","S","","SMD_6032_H2.8","SMD-TANTAL-C   100U   10V   10%   6032"
"1.cmp1302","C8","LMS-000100","50092748","green","","100n","","","","S","","SMD_0603_H0.9","SMD-KOND-KER  100n   50V 10%  X7R  603"
"1.cmp1284","C9","LMS-001886","71078950","green","","100u","","","","S","","SMD_6032_H2.8","SMD-TANTAL-C   100U   10V   10%   6032"
"1.cmp1272","C10","LMS-000100","50092748","green","","100n","","","","S","","SMD_0603_H0.9","SMD-KOND-KER  100n   50V 10%  X7R  603"
"1.cmp1292","C11","LMS-001886","71078950","green","","100u","","","","S","","SMD_6032_H2.8","SMD-TANTAL-C   100U   10V   10%   6032"
"1.cmp1124","C12","LMS-002454","71069467","green","","10n","","","","S","","SMD_0805_H1.4","SMD-KOND-KER   10n   50V  5%  NPO 0805"
"1.cmp1128","C13","LMS-003729","71137657","green","","1n","","","","S","","SMD_0603_H0.9","SMD-Kond-Ker    1n   50V 5%  NP0  603"
"1.cmp1331","C14","LMS-002454","71069467","green","","10n","","","","S","","SMD_0805_H1.4","SMD-KOND-KER   10n   50V  5%  NPO 0805"
"1.cmp1335","C15","LMS-005205","71164020","green","","27p","","","","S","","SMD_0603_H0.9","SMD-Kond-Ker   27p  50V   1%  NP0  603"
"1.cmp1336","C16","LMS-005205","71164020","green","","27p","","","","S","","SMD_0603_H0.9","SMD-Kond-Ker   27p  50V   1%  NP0  603"
"1.cmp1286","C17","LMS-000100","50092748","green","","100n","","","","S","","SMD_0603_H0.9","SMD-KOND-KER  100n   50V 10%  X7R  603"
"1.cmp1270","C18","LMS-001886","71078950","green","","100u","","","","S","","SMD_6032_H2.8","SMD-TANTAL-C   100U   10V   10%   6032"
"1.cmp1277","C19","LMS-000100","50092748","green","","100n","","","","S","","SMD_0603_H0.9","SMD-KOND-KER  100n   50V 10%  X7R  603"
"1.cmp1626","C20","LMS-001886","71078950","green","","100u","","","","S","","SMD_6032_H2.8","SMD-TANTAL-C   100U   10V   10%   6032"
"1.cmp1624","C21","LMS-000100","50092748","green","","100n","","","","S","","SMD_0603_H0.9","SMD-KOND-KER  100n   50V 10%  X7R  603"
"1.cmp1299","C22","LMS-000100","50092748","green","","100n","","","","S","","SMD_0603_H0.9","SMD-KOND-KER  100n   50V 10%  X7R  603"
"1.cmp1305","C23","LMS-000100","50092748","green","","100n","","","","S","","SMD_0603_H0.9","SMD-KOND-KER  100n   50V 10%  X7R  603"
"1.cmp1269","C24","LMS-000100","50092748","green","","100n","","","","S","","SMD_0603_H0.9","SMD-KOND-KER  100n   50V 10%  X7R  603"
"1.cmp1273","C25","LMS-000100","50092748","green","","100n","","","","S","","SMD_0603_H0.9","SMD-KOND-KER  100n   50V 10%  X7R  603"
"1.cmp1271","C26","LMS-000100","50092748","green","","100n","","","","S","","SMD_0603_H0.9","SMD-KOND-KER  100n   50V 10%  X7R  603"
"1.cmp1312","C27","LMS-000100","50092748","green","","100n","","","","S","","SMD_0603_H0.9","SMD-KOND-KER  100n   50V 10%  X7R  603"
"1.cmp1280","C28","LMS-000100","50092748","green","","100n","","","","S","","SMD_0603_H0.9","SMD-KOND-KER  100n   50V 10%  X7R  603"
"1.cmp1311","C29","LMS-000100","50092748","green","","100n","","","","S","","SMD_0603_H0.9","SMD-KOND-KER  100n   50V 10%  X7R  603"
"1.cmp1630","C30","LMS-001886","71078950","green","","100u","","","","S","","SMD_6032_H2.8","SMD-TANTAL-C   100U   10V   10%   6032"
"1.cmp1628","C31","LMS-000100","50092748","green","","100n","","","","S","","SMD_0603_H0.9","SMD-KOND-KER  100n   50V 10%  X7R  603"
"1.cmp1634","C32","LMS-001886","71078950","green","","100u","","","","S","","SMD_6032_H2.8","SMD-TANTAL-C   100U   10V   10%   6032"
"1.cmp1632","C33","LMS-000100","50092748","green","","100n","","","","S","","SMD_0603_H0.9","SMD-KOND-KER  100n   50V 10%  X7R  603"
"1.cmp1638","C34","LMS-001886","71078950","green","","100u","","","","S","","SMD_6032_H2.8","SMD-TANTAL-C   100U   10V   10%   6032"
"1.cmp1636","C35","LMS-000100","50092748","green","","100n","","","","S","","SMD_0603_H0.9","SMD-KOND-KER  100n   50V 10%  X7R  603"
"1.cmp1642","C37","LMS-000261","50108374","green","","470n","","","","S","","SMD_0603_H0.9","SMD-Kond-Ker  470n   16V 10%  X5R  603"
"1.cmp915","D2","LMS-005354","LMS-005354","yellow","U","","Dummy SO-16","","","S","","SMD_SO16_H1.75","EDU: Dummy SO-16"
"1.cmp916","D3","LMS-005354","LMS-005354","yellow","U","","Dummy SO-16","","","S","","SMD_SO16_H1.75","EDU: Dummy SO-16"
"1.cmp917","D4","LMS-005354","LMS-005354","yellow","U","","Dummy SO-16","","","S","","SMD_SO16_H1.75","EDU: Dummy SO-16"
"1.cmp918","D5","LMS-005354","LMS-005354","yellow","U","","Dummy SO-16","","","S","","SMD_SO16_H1.75","EDU: Dummy SO-16"
"1.cmp919","D6","LMS-005354","LMS-005354","yellow","U","","Dummy SO-16","","","S","","SMD_SO16_H1.75","EDU: Dummy SO-16"
"1.cmp920","D7","LMS-005354","LMS-005354","yellow","U","","Dummy SO-16","","","S","","SMD_SO16_H1.75","EDU: Dummy SO-16"
"1.cmp1207","D8","LMS-005206","71164030","green","","","MSP430F5172","","","S","","SMD_QFN40_H0.8_EP","SMD-IC-Microcont   MSP430F5172   QFN40"
"1.cmp1585","G1","LMS-004598","71135848","green","","20MHz","","","","S","","SMD_G_L5.2W3.4H1.0","SMD-Quarz     20,00  MHz  5x3"
"1.cmp1123","N1","LMS-000636","50058651","yellow","U","","TLC555","","","S","","SMD_SO8_H1.75","SMD-IC-CMOS-TIMER        TLC555   SO-8 !"
"1.cmp838","N2","LMS-004372","LMS-004372","yellow","U","","MAX237","","","S","","SMD_SO24_H2.65","EDU: SMD-IC-EIA232-RX/TX  MAX237    SO-24"
"2.cmp469","R1","LMS-000796","LMS-000796","green","pre","10R","","","","S","","SMD_0603_H0.6","R Chip 10R0 +-5%  0,1  W TK 200     0603"
"2.cmp470","R2","LMS-000796","LMS-000796","green","pre","10R","","","","S","","SMD_0603_H0.6","R Chip 10R0 +-5%  0,1  W TK 200     0603"
"2.cmp471","R3","LMS-000796","LMS-000796","green","pre","10R","","","","S","","SMD_0603_H0.6","R Chip 10R0 +-5%  0,1  W TK 200     0603"
"2.cmp472","R4","LMS-000796","LMS-000796","green","pre","10R","","","","S","","SMD_0603_H0.6","R Chip 10R0 +-5%  0,1  W TK 200     0603"
"2.cmp473","R5","LMS-000796","LMS-000796","green","pre","10R","","","","S","","SMD_0603_H0.6","R Chip 10R0 +-5%  0,1  W TK 200     0603"
"2.cmp474","R6","LMS-000796","LMS-000796","green","pre","10R","","","","S","","SMD_0603_H0.6","R Chip 10R0 +-5%  0,1  W TK 200     0603"
"2.cmp475","R7","LMS-000796","LMS-000796","green","pre","10R","","","","S","","SMD_0603_H0.6","R Chip 10R0 +-5%  0,1  W TK 200     0603"
"2.cmp476","R8","LMS-000796","LMS-000796","green","pre","10R","","","","S","","SMD_0603_H0.6","R Chip 10R0 +-5%  0,1  W TK 200     0603"
"2.cmp477","R9","LMS-000796","LMS-000796","green","pre","10R","","","","S","","SMD_0603_H0.6","R Chip 10R0 +-5%  0,1  W TK 200     0603"
"2.cmp478","R10","LMS-000796","LMS-000796","green","pre","10R","","","","S","","SMD_0603_H0.6","R Chip 10R0 +-5%  0,1  W TK 200     0603"
"2.cmp479","R11","LMS-000796","LMS-000796","green","pre","10R","","","","S","","SMD_0603_H0.6","R Chip 10R0 +-5%  0,1  W TK 200     0603"
"2.cmp480","R12","LMS-000796","LMS-000796","green","pre","10R","","","","S","","SMD_0603_H0.6","R Chip 10R0 +-5%  0,1  W TK 200     0603"
"2.cmp481","R13","LMS-000796","LMS-000796","green","pre","10R","","","","S","","SMD_0603_H0.6","R Chip 10R0 +-5%  0,1  W TK 200     0603"
"2.cmp482","R14","LMS-000796","LMS-000796","green","pre","10R","","","","S","","SMD_0603_H0.6","R Chip 10R0 +-5%  0,1  W TK 200     0603"
"2.cmp483","R15","LMS-000796","LMS-000796","green","pre","10R","","","","S","","SMD_0603_H0.6","R Chip 10R0 +-5%  0,1  W TK 200     0603"
"2.cmp484","R16","LMS-000796","LMS-000796","green","pre","10R","","","","S","","SMD_0603_H0.6","R Chip 10R0 +-5%  0,1  W TK 200     0603"
"2.cmp485","R17","LMS-000796","LMS-000796","green","pre","10R","","","","S","","SMD_0603_H0.6","R Chip 10R0 +-5%  0,1  W TK 200     0603"
"2.cmp486","R18","LMS-000796","LMS-000796","green","pre","10R","","","","S","","SMD_0603_H0.6","R Chip 10R0 +-5%  0,1  W TK 200     0603"
"2.cmp487","R19","LMS-000796","LMS-000796","green","pre","10R","","","","S","","SMD_0603_H0.6","R Chip 10R0 +-5%  0,1  W TK 200     0603"
"2.cmp488","R20","LMS-000796","LMS-000796","green","pre","10R","","","","S","","SMD_0603_H0.6","R Chip 10R0 +-5%  0,1  W TK 200     0603"
"2.cmp489","R21","LMS-000796","LMS-000796","green","pre","10R","","","","S","","SMD_0603_H0.6","R Chip 10R0 +-5%  0,1  W TK 200     0603"
"2.cmp490","R22","LMS-000796","LMS-000796","green","pre","10R","","","","S","","SMD_0603_H0.6","R Chip 10R0 +-5%  0,1  W TK 200     0603"
"2.cmp491","R23","LMS-000796","LMS-000796","green","pre","10R","","","","S","","SMD_0603_H0.6","R Chip 10R0 +-5%  0,1  W TK 200     0603"
"2.cmp492","R24","LMS-000796","LMS-000796","green","pre","10R","","","","S","","SMD_0603_H0.6","R Chip 10R0 +-5%  0,1  W TK 200     0603"
"2.cmp493","R25","LMS-000796","LMS-000796","green","pre","10R","","","","S","","SMD_0603_H0.6","R Chip 10R0 +-5%  0,1  W TK 200     0603"
"2.cmp494","R26","LMS-000796","LMS-000796","green","pre","10R","","","","S","","SMD_0603_H0.6","R Chip 10R0 +-5%  0,1  W TK 200     0603"
"2.cmp495","R27","LMS-000796","LMS-000796","green","pre","10R","","","","S","","SMD_0603_H0.6","R Chip 10R0 +-5%  0,1  W TK 200     0603"
"2.cmp496","R28","LMS-000796","LMS-000796","green","pre","10R","","","","S","","SMD_0603_H0.6","R Chip 10R0 +-5%  0,1  W TK 200     0603"
"2.cmp497","R29","LMS-000796","LMS-000796","green","pre","10R","","","","S","","SMD_0603_H0.6","R Chip 10R0 +-5%  0,1  W TK 200     0603"
"2.cmp498","R30","LMS-000796","LMS-000796","green","pre","10R","","","","S","","SMD_0603_H0.6","R Chip 10R0 +-5%  0,1  W TK 200     0603"
"2.cmp499","R31","LMS-000796","LMS-000796","green","pre","10R","","","","S","","SMD_0603_H0.6","R Chip 10R0 +-5%  0,1  W TK 200     0603"
"2.cmp500","R32","LMS-000796","LMS-000796","green","pre","10R","","","","S","","SMD_0603_H0.6","R Chip 10R0 +-5%  0,1  W TK 200     0603"
"1.cmp840","R33","LMS-000045","50092700","green","","10K","","","","S","","SMD_0603_H0.6","SMD-R-CHIP  10K  0,1W  1%  50ppm 603   *"
"2.cmp831","R34","LMS-000027","50092685","green","","1K","","","","S","","SMD_0603_H0.6","SMD-R-Chip   1K  0,1W  1%  50ppm 603  *"
"2.cmp844","R35","LMS-000027","50092685","green","","1K","","","","S","","SMD_0603_H0.6","SMD-R-Chip   1K  0,1W  1%  50ppm 603  *"
"2.cmp892","R36","LMS-000027","50092685","green","","1K","","","","S","","SMD_0603_H0.6","SMD-R-Chip   1K  0,1W  1%  50ppm 603  *"
"2.cmp879","R37","LMS-000027","50092685","green","","1K","","","","S","","SMD_0603_H0.6","SMD-R-Chip   1K  0,1W  1%  50ppm 603  *"
"2.cmp822","R38","LMS-000027","50092685","green","","1K","","","","S","","SMD_0603_H0.6","SMD-R-Chip   1K  0,1W  1%  50ppm 603  *"
"2.cmp849","R39","LMS-000027","50092685","green","","1K","","","","S","","SMD_0603_H0.6","SMD-R-Chip   1K  0,1W  1%  50ppm 603  *"
"2.cmp870","R40","LMS-000027","50092685","green","","1K","","","","S","","SMD_0603_H0.6","SMD-R-Chip   1K  0,1W  1%  50ppm 603  *"
"2.cmp897","R41","LMS-000027","50092685","green","","1K","","","","S","","SMD_0603_H0.6","SMD-R-Chip   1K  0,1W  1%  50ppm 603  *"
"2.cmp854","R42","LMS-000027","50092685","green","","1K","","","","S","","SMD_0603_H0.6","SMD-R-Chip   1K  0,1W  1%  50ppm 603  *"
"2.cmp823","R43","LMS-000027","50092685","green","","1K","","","","S","","SMD_0603_H0.6","SMD-R-Chip   1K  0,1W  1%  50ppm 603  *"
"2.cmp902","R44","LMS-000027","50092685","green","","1K","","","","S","","SMD_0603_H0.6","SMD-R-Chip   1K  0,1W  1%  50ppm 603  *"
"2.cmp871","R45","LMS-000027","50092685","green","","1K","","","","S","","SMD_0603_H0.6","SMD-R-Chip   1K  0,1W  1%  50ppm 603  *"
"2.cmp848","R46","LMS-000027","50092685","green","","1K","","","","S","","SMD_0603_H0.6","SMD-R-Chip   1K  0,1W  1%  50ppm 603  *"
"2.cmp843","R47","LMS-000027","50092685","green","","1K","","","","S","","SMD_0603_H0.6","SMD-R-Chip   1K  0,1W  1%  50ppm 603  *"
"2.cmp891","R48","LMS-000027","50092685","green","","1K","","","","S","","SMD_0603_H0.6","SMD-R-Chip   1K  0,1W  1%  50ppm 603  *"
"2.cmp896","R49","LMS-000027","50092685","green","","1K","","","","S","","SMD_0603_H0.6","SMD-R-Chip   1K  0,1W  1%  50ppm 603  *"
"2.cmp836","R50","LMS-000027","50092685","green","","1K","","","","S","","SMD_0603_H0.6","SMD-R-Chip   1K  0,1W  1%  50ppm 603  *"
"2.cmp850","R51","LMS-000027","50092685","green","","1K","","","","S","","SMD_0603_H0.6","SMD-R-Chip   1K  0,1W  1%  50ppm 603  *"
"2.cmp884","R52","LMS-000027","50092685","green","","1K","","","","S","","SMD_0603_H0.6","SMD-R-Chip   1K  0,1W  1%  50ppm 603  *"
"2.cmp898","R53","LMS-000027","50092685","green","","1K","","","","S","","SMD_0603_H0.6","SMD-R-Chip   1K  0,1W  1%  50ppm 603  *"
"2.cmp853","R54","LMS-000027","50092685","green","","1K","","","","S","","SMD_0603_H0.6","SMD-R-Chip   1K  0,1W  1%  50ppm 603  *"
"2.cmp832","R55","LMS-000027","50092685","green","","1K","","","","S","","SMD_0603_H0.6","SMD-R-Chip   1K  0,1W  1%  50ppm 603  *"
"2.cmp901","R56","LMS-000027","50092685","green","","1K","","","","S","","SMD_0603_H0.6","SMD-R-Chip   1K  0,1W  1%  50ppm 603  *"
"2.cmp880","R57","LMS-000027","50092685","green","","1K","","","","S","","SMD_0603_H0.6","SMD-R-Chip   1K  0,1W  1%  50ppm 603  *"
"2.cmp814","R58","LMS-000027","50092685","green","","1K","","","","S","","SMD_0603_H0.6","SMD-R-Chip   1K  0,1W  1%  50ppm 603  *"
"2.cmp847","R59","LMS-000027","50092685","green","","1K","","","","S","","SMD_0603_H0.6","SMD-R-Chip   1K  0,1W  1%  50ppm 603  *"
"2.cmp895","R60","LMS-000027","50092685","green","","1K","","","","S","","SMD_0603_H0.6","SMD-R-Chip   1K  0,1W  1%  50ppm 603  *"
"2.cmp862","R61","LMS-000027","50092685","green","","1K","","","","S","","SMD_0603_H0.6","SMD-R-Chip   1K  0,1W  1%  50ppm 603  *"
"2.cmp835","R62","LMS-000027","50092685","green","","1K","","","","S","","SMD_0603_H0.6","SMD-R-Chip   1K  0,1W  1%  50ppm 603  *"
"2.cmp815","R63","LMS-000027","50092685","green","","1K","","","","S","","SMD_0603_H0.6","SMD-R-Chip   1K  0,1W  1%  50ppm 603  *"
"2.cmp883","R64","LMS-000027","50092685","green","","1K","","","","S","","SMD_0603_H0.6","SMD-R-Chip   1K  0,1W  1%  50ppm 603  *"
"2.cmp863","R65","LMS-000027","50092685","green","","1K","","","","S","","SMD_0603_H0.6","SMD-R-Chip   1K  0,1W  1%  50ppm 603  *"
"1.cmp1156","R66","LMS-000796","LMS-000796","green","pre","10R","","","","S","","SMD_0603_H0.6","R Chip 10R0 +-5%  0,1  W TK 200     0603"
"1.cmp1157","R67","LMS-000796","LMS-000796","green","pre","10R","","","","S","","SMD_0603_H0.6","R Chip 10R0 +-5%  0,1  W TK 200     0603"
"1.cmp1158","R68","LMS-000796","LMS-000796","green","pre","10R","","","","S","","SMD_0603_H0.6","R Chip 10R0 +-5%  0,1  W TK 200     0603"
"1.cmp1159","R69","LMS-000796","LMS-000796","green","pre","10R","","","","S","","SMD_0603_H0.6","R Chip 10R0 +-5%  0,1  W TK 200     0603"
"1.cmp1160","R70","LMS-000796","LMS-000796","green","pre","10R","","","","S","","SMD_0603_H0.6","R Chip 10R0 +-5%  0,1  W TK 200     0603"
"1.cmp1161","R71","LMS-000796","LMS-000796","green","pre","10R","","","","S","","SMD_0603_H0.6","R Chip 10R0 +-5%  0,1  W TK 200     0603"
"1.cmp1163","R72","LMS-000796","LMS-000796","green","pre","10R","","","","S","","SMD_0603_H0.6","R Chip 10R0 +-5%  0,1  W TK 200     0603"
"1.cmp1164","R73","LMS-000796","LMS-000796","green","pre","10R","","","","S","","SMD_0603_H0.6","R Chip 10R0 +-5%  0,1  W TK 200     0603"
"1.cmp1165","R74","LMS-000796","LMS-000796","green","pre","10R","","","","S","","SMD_0603_H0.6","R Chip 10R0 +-5%  0,1  W TK 200     0603"
"1.cmp1166","R75","LMS-000796","LMS-000796","green","pre","10R","","","","S","","SMD_0603_H0.6","R Chip 10R0 +-5%  0,1  W TK 200     0603"
"1.cmp1167","R76","LMS-000796","LMS-000796","green","pre","10R","","","","S","","SMD_0603_H0.6","R Chip 10R0 +-5%  0,1  W TK 200     0603"
"1.cmp1168","R77","LMS-000796","LMS-000796","green","pre","10R","","","","S","","SMD_0603_H0.6","R Chip 10R0 +-5%  0,1  W TK 200     0603"
"1.cmp1169","R78","LMS-000796","LMS-000796","green","pre","10R","","","","S","","SMD_0603_H0.6","R Chip 10R0 +-5%  0,1  W TK 200     0603"
"1.cmp1170","R79","LMS-000796","LMS-000796","green","pre","10R","","","","S","","SMD_0603_H0.6","R Chip 10R0 +-5%  0,1  W TK 200     0603"
"1.cmp1171","R80","LMS-000796","LMS-000796","green","pre","10R","","","","S","","SMD_0603_H0.6","R Chip 10R0 +-5%  0,1  W TK 200     0603"
"1.cmp1172","R81","LMS-000796","LMS-000796","green","pre","10R","","","","S","","SMD_0603_H0.6","R Chip 10R0 +-5%  0,1  W TK 200     0603"
"1.cmp1173","R82","LMS-000796","LMS-000796","green","pre","10R","","","","S","","SMD_0603_H0.6","R Chip 10R0 +-5%  0,1  W TK 200     0603"
"1.cmp1174","R83","LMS-000796","LMS-000796","green","pre","10R","","","","S","","SMD_0603_H0.6","R Chip 10R0 +-5%  0,1  W TK 200     0603"
"1.cmp1175","R84","LMS-000796","LMS-000796","green","pre","10R","","","","S","","SMD_0603_H0.6","R Chip 10R0 +-5%  0,1  W TK 200     0603"
"1.cmp1176","R85","LMS-000796","LMS-000796","green","pre","10R","","","","S","","SMD_0603_H0.6","R Chip 10R0 +-5%  0,1  W TK 200     0603"
"1.cmp1177","R86","LMS-000796","LMS-000796","green","pre","10R","","","","S","","SMD_0603_H0.6","R Chip 10R0 +-5%  0,1  W TK 200     0603"
"1.cmp1178","R87","LMS-000796","LMS-000796","green","pre","10R","","","","S","","SMD_0603_H0.6","R Chip 10R0 +-5%  0,1  W TK 200     0603"
"1.cmp1179","R88","LMS-000796","LMS-000796","green","pre","10R","","","","S","","SMD_0603_H0.6","R Chip 10R0 +-5%  0,1  W TK 200     0603"
"1.cmp1180","R89","LMS-000796","LMS-000796","green","pre","10R","","","","S","","SMD_0603_H0.6","R Chip 10R0 +-5%  0,1  W TK 200     0603"
"1.cmp1181","R90","LMS-000796","LMS-000796","green","pre","10R","","","","S","","SMD_0603_H0.6","R Chip 10R0 +-5%  0,1  W TK 200     0603"
"1.cmp1182","R91","LMS-000796","LMS-000796","green","pre","10R","","","","S","","SMD_0603_H0.6","R Chip 10R0 +-5%  0,1  W TK 200     0603"
"1.cmp1183","R92","LMS-000796","LMS-000796","green","pre","10R","","","","S","","SMD_0603_H0.6","R Chip 10R0 +-5%  0,1  W TK 200     0603"
"1.cmp1184","R93","LMS-000796","LMS-000796","green","pre","10R","","","","S","","SMD_0603_H0.6","R Chip 10R0 +-5%  0,1  W TK 200     0603"
"1.cmp1185","R94","LMS-000796","LMS-000796","green","pre","10R","","","","S","","SMD_0603_H0.6","R Chip 10R0 +-5%  0,1  W TK 200     0603"
"1.cmp1186","R95","LMS-000796","LMS-000796","green","pre","10R","","","","S","","SMD_0603_H0.6","R Chip 10R0 +-5%  0,1  W TK 200     0603"
"1.cmp1187","R96","LMS-000796","LMS-000796","green","pre","10R","","","","S","","SMD_0603_H0.6","R Chip 10R0 +-5%  0,1  W TK 200     0603"
"1.cmp1188","R97","LMS-000796","LMS-000796","green","pre","10R","","","","S","","SMD_0603_H0.6","R Chip 10R0 +-5%  0,1  W TK 200     0603"
"1.cmp1189","R98","LMS-000796","LMS-000796","green","pre","10R","","","","S","","SMD_0603_H0.6","R Chip 10R0 +-5%  0,1  W TK 200     0603"
"1.cmp1190","R99","LMS-000796","LMS-000796","green","pre","10R","","","","S","","SMD_0603_H0.6","R Chip 10R0 +-5%  0,1  W TK 200     0603"
"1.cmp1191","R100","LMS-000796","LMS-000796","green","pre","10R","","","","S","","SMD_0603_H0.6","R Chip 10R0 +-5%  0,1  W TK 200     0603"
"1.cmp1192","R101","LMS-000796","LMS-000796","green","pre","10R","","","","S","","SMD_0603_H0.6","R Chip 10R0 +-5%  0,1  W TK 200     0603"
"1.cmp1193","R102","LMS-000796","LMS-000796","green","pre","10R","","","","S","","SMD_0603_H0.6","R Chip 10R0 +-5%  0,1  W TK 200     0603"
"1.cmp1194","R103","LMS-000796","LMS-000796","green","pre","10R","","","","S","","SMD_0603_H0.6","R Chip 10R0 +-5%  0,1  W TK 200     0603"
"1.cmp1195","R104","LMS-000796","LMS-000796","green","pre","10R","","","","S","","SMD_0603_H0.6","R Chip 10R0 +-5%  0,1  W TK 200     0603"
"1.cmp1196","R105","LMS-000796","LMS-000796","green","pre","10R","","","","S","","SMD_0603_H0.6","R Chip 10R0 +-5%  0,1  W TK 200     0603"
"1.cmp1197","R106","LMS-000796","LMS-000796","green","pre","10R","","","","S","","SMD_0603_H0.6","R Chip 10R0 +-5%  0,1  W TK 200     0603"
"1.cmp1198","R107","LMS-000796","LMS-000796","green","pre","10R","","","","S","","SMD_0603_H0.6","R Chip 10R0 +-5%  0,1  W TK 200     0603"
"1.cmp1199","R108","LMS-000796","LMS-000796","green","pre","10R","","","","S","","SMD_0603_H0.6","R Chip 10R0 +-5%  0,1  W TK 200     0603"
"1.cmp1200","R109","LMS-000796","LMS-000796","green","pre","10R","","","","S","","SMD_0603_H0.6","R Chip 10R0 +-5%  0,1  W TK 200     0603"
"1.cmp1201","R110","LMS-000796","LMS-000796","green","pre","10R","","","","S","","SMD_0603_H0.6","R Chip 10R0 +-5%  0,1  W TK 200     0603"
"1.cmp1202","R111","LMS-000796","LMS-000796","green","pre","10R","","","","S","","SMD_0603_H0.6","R Chip 10R0 +-5%  0,1  W TK 200     0603"
"1.cmp1203","R112","LMS-000796","LMS-000796","green","pre","10R","","","","S","","SMD_0603_H0.6","R Chip 10R0 +-5%  0,1  W TK 200     0603"
"1.cmp1204","R113","LMS-000796","LMS-000796","green","pre","10R","","","","S","","SMD_0603_H0.6","R Chip 10R0 +-5%  0,1  W TK 200     0603"
"1.cmp1205","R114","LMS-000045","50092700","green","","10K","","","","S","","SMD_0603_H0.6","SMD-R-CHIP  10K  0,1W  1%  50ppm 603   *"
"1.cmp1330","R115","LMS-000061","50092714","green","","100K","","","","S","","SMD_0603_H0.6","SMD-R-CHIP 100K  0,1W  1%  50ppm 603   *"
"2.cmp816","R116","LMS-000027","50092685","green","","1K","","","","S","","SMD_0603_H0.6","SMD-R-Chip   1K  0,1W  1%  50ppm 603  *"
"2.cmp837","R117","LMS-000027","50092685","green","","1K","","","","S","","SMD_0603_H0.6","SMD-R-Chip   1K  0,1W  1%  50ppm 603  *"
"2.cmp864","R118","LMS-000027","50092685","green","","1K","","","","S","","SMD_0603_H0.6","SMD-R-Chip   1K  0,1W  1%  50ppm 603  *"
"2.cmp885","R119","LMS-000027","50092685","green","","1K","","","","S","","SMD_0603_H0.6","SMD-R-Chip   1K  0,1W  1%  50ppm 603  *"
"2.cmp841","R120","LMS-000027","50092685","green","","1K","","","","S","","SMD_0603_H0.6","SMD-R-Chip   1K  0,1W  1%  50ppm 603  *"
"2.cmp828","R121","LMS-000027","50092685","green","","1K","","","","S","","SMD_0603_H0.6","SMD-R-Chip   1K  0,1W  1%  50ppm 603  *"
"2.cmp876","R122","LMS-000027","50092685","green","","1K","","","","S","","SMD_0603_H0.6","SMD-R-Chip   1K  0,1W  1%  50ppm 603  *"
"2.cmp889","R123","LMS-000027","50092685","green","","1K","","","","S","","SMD_0603_H0.6","SMD-R-Chip   1K  0,1W  1%  50ppm 603  *"
"2.cmp846","R124","LMS-000027","50092685","green","","1K","","","","S","","SMD_0603_H0.6","SMD-R-Chip   1K  0,1W  1%  50ppm 603  *"
"2.cmp824","R125","LMS-000027","50092685","green","","1K","","","","S","","SMD_0603_H0.6","SMD-R-Chip   1K  0,1W  1%  50ppm 603  *"
"2.cmp872","R126","LMS-000027","50092685","green","","1K","","","","S","","SMD_0603_H0.6","SMD-R-Chip   1K  0,1W  1%  50ppm 603  *"
"2.cmp894","R127","LMS-000027","50092685","green","","1K","","","","S","","SMD_0603_H0.6","SMD-R-Chip   1K  0,1W  1%  50ppm 603  *"
"2.cmp818","R128","LMS-000027","50092685","green","","1K","","","","S","","SMD_0603_H0.6","SMD-R-Chip   1K  0,1W  1%  50ppm 603  *"
"2.cmp819","R129","LMS-000027","50092685","green","","1K","","","","S","","SMD_0603_H0.6","SMD-R-Chip   1K  0,1W  1%  50ppm 603  *"
"2.cmp867","R130","LMS-000027","50092685","green","","1K","","","","S","","SMD_0603_H0.6","SMD-R-Chip   1K  0,1W  1%  50ppm 603  *"
"2.cmp866","R131","LMS-000027","50092685","green","","1K","","","","S","","SMD_0603_H0.6","SMD-R-Chip   1K  0,1W  1%  50ppm 603  *"
"2.cmp826","R132","LMS-000027","50092685","green","","1K","","","","S","","SMD_0603_H0.6","SMD-R-Chip   1K  0,1W  1%  50ppm 603  *"
"2.cmp830","R133","LMS-000027","50092685","green","","1K","","","","S","","SMD_0603_H0.6","SMD-R-Chip   1K  0,1W  1%  50ppm 603  *"
"2.cmp874","R134","LMS-000027","50092685","green","","1K","","","","S","","SMD_0603_H0.6","SMD-R-Chip   1K  0,1W  1%  50ppm 603  *"
"2.cmp878","R135","LMS-000027","50092685","green","","1K","","","","S","","SMD_0603_H0.6","SMD-R-Chip   1K  0,1W  1%  50ppm 603  *"
"2.cmp845","R136","LMS-000027","50092685","green","","1K","","","","S","","SMD_0603_H0.6","SMD-R-Chip   1K  0,1W  1%  50ppm 603  *"
"2.cmp834","R137","LMS-000027","50092685","green","","1K","","","","S","","SMD_0603_H0.6","SMD-R-Chip   1K  0,1W  1%  50ppm 603  *"
"2.cmp882","R138","LMS-000027","50092685","green","","1K","","","","S","","SMD_0603_H0.6","SMD-R-Chip   1K  0,1W  1%  50ppm 603  *"
"2.cmp893","R139","LMS-000027","50092685","green","","1K","","","","S","","SMD_0603_H0.6","SMD-R-Chip   1K  0,1W  1%  50ppm 603  *"
"2.cmp852","R140","LMS-000027","50092685","green","","1K","","","","S","","SMD_0603_H0.6","SMD-R-Chip   1K  0,1W  1%  50ppm 603  *"
"2.cmp825","R141","LMS-000027","50092685","green","","1K","","","","S","","SMD_0603_H0.6","SMD-R-Chip   1K  0,1W  1%  50ppm 603  *"
"2.cmp873","R142","LMS-000027","50092685","green","","1K","","","","S","","SMD_0603_H0.6","SMD-R-Chip   1K  0,1W  1%  50ppm 603  *"
"2.cmp900","R143","LMS-000027","50092685","green","","1K","","","","S","","SMD_0603_H0.6","SMD-R-Chip   1K  0,1W  1%  50ppm 603  *"
"2.cmp817","R144","LMS-000027","50092685","green","","1K","","","","S","","SMD_0603_H0.6","SMD-R-Chip   1K  0,1W  1%  50ppm 603  *"
"2.cmp807","R145","LMS-000027","50092685","green","","1K","","","","S","","SMD_0603_H0.6","SMD-R-Chip   1K  0,1W  1%  50ppm 603  *"
"2.cmp865","R146","LMS-000027","50092685","green","","1K","","","","S","","SMD_0603_H0.6","SMD-R-Chip   1K  0,1W  1%  50ppm 603  *"
"2.cmp855","R147","LMS-000027","50092685","green","","1K","","","","S","","SMD_0603_H0.6","SMD-R-Chip   1K  0,1W  1%  50ppm 603  *"
"2.cmp821","R148","LMS-000027","50092685","green","","1K","","","","S","","SMD_0603_H0.6","SMD-R-Chip   1K  0,1W  1%  50ppm 603  *"
"2.cmp840","R149","LMS-000027","50092685","green","","1K","","","","S","","SMD_0603_H0.6","SMD-R-Chip   1K  0,1W  1%  50ppm 603  *"
"2.cmp869","R150","LMS-000027","50092685","green","","1K","","","","S","","SMD_0603_H0.6","SMD-R-Chip   1K  0,1W  1%  50ppm 603  *"
"2.cmp888","R151","LMS-000027","50092685","green","","1K","","","","S","","SMD_0603_H0.6","SMD-R-Chip   1K  0,1W  1%  50ppm 603  *"
"2.cmp811","R152","LMS-000027","50092685","green","","1K","","","","S","","SMD_0603_H0.6","SMD-R-Chip   1K  0,1W  1%  50ppm 603  *"
"2.cmp842","R153","LMS-000027","50092685","green","","1K","","","","S","","SMD_0603_H0.6","SMD-R-Chip   1K  0,1W  1%  50ppm 603  *"
"2.cmp859","R154","LMS-000027","50092685","green","","1K","","","","S","","SMD_0603_H0.6","SMD-R-Chip   1K  0,1W  1%  50ppm 603  *"
"2.cmp890","R155","LMS-000027","50092685","green","","1K","","","","S","","SMD_0603_H0.6","SMD-R-Chip   1K  0,1W  1%  50ppm 603  *"
"2.cmp833","R156","LMS-000027","50092685","green","","1K","","","","S","","SMD_0603_H0.6","SMD-R-Chip   1K  0,1W  1%  50ppm 603  *"
"2.cmp820","R157","LMS-000027","50092685","green","","1K","","","","S","","SMD_0603_H0.6","SMD-R-Chip   1K  0,1W  1%  50ppm 603  *"
"2.cmp868","R158","LMS-000027","50092685","green","","1K","","","","S","","SMD_0603_H0.6","SMD-R-Chip   1K  0,1W  1%  50ppm 603  *"
"2.cmp881","R159","LMS-000027","50092685","green","","1K","","","","S","","SMD_0603_H0.6","SMD-R-Chip   1K  0,1W  1%  50ppm 603  *"
"2.cmp813","R160","LMS-000027","50092685","green","","1K","","","","S","","SMD_0603_H0.6","SMD-R-Chip   1K  0,1W  1%  50ppm 603  *"
"2.cmp851","R161","LMS-000027","50092685","green","","1K","","","","S","","SMD_0603_H0.6","SMD-R-Chip   1K  0,1W  1%  50ppm 603  *"
"2.cmp861","R162","LMS-000027","50092685","green","","1K","","","","S","","SMD_0603_H0.6","SMD-R-Chip   1K  0,1W  1%  50ppm 603  *"
"2.cmp899","R163","LMS-000027","50092685","green","","1K","","","","S","","SMD_0603_H0.6","SMD-R-Chip   1K  0,1W  1%  50ppm 603  *"
"2.cmp829","R164","LMS-000027","50092685","green","","1K","","","","S","","SMD_0603_H0.6","SMD-R-Chip   1K  0,1W  1%  50ppm 603  *"
"2.cmp810","R165","LMS-000027","50092685","green","","1K","","","","S","","SMD_0603_H0.6","SMD-R-Chip   1K  0,1W  1%  50ppm 603  *"
"2.cmp877","R166","LMS-000027","50092685","green","","1K","","","","S","","SMD_0603_H0.6","SMD-R-Chip   1K  0,1W  1%  50ppm 603  *"
"2.cmp858","R167","LMS-000027","50092685","green","","1K","","","","S","","SMD_0603_H0.6","SMD-R-Chip   1K  0,1W  1%  50ppm 603  *"
"2.cmp809","R168","LMS-000027","50092685","green","","1K","","","","S","","SMD_0603_H0.6","SMD-R-Chip   1K  0,1W  1%  50ppm 603  *"
"2.cmp838","R169","LMS-000027","50092685","green","","1K","","","","S","","SMD_0603_H0.6","SMD-R-Chip   1K  0,1W  1%  50ppm 603  *"
"2.cmp857","R170","LMS-000027","50092685","green","","1K","","","","S","","SMD_0603_H0.6","SMD-R-Chip   1K  0,1W  1%  50ppm 603  *"
"2.cmp886","R171","LMS-000027","50092685","green","","1K","","","","S","","SMD_0603_H0.6","SMD-R-Chip   1K  0,1W  1%  50ppm 603  *"
"2.cmp839","R172","LMS-000027","50092685","green","","1K","","","","S","","SMD_0603_H0.6","SMD-R-Chip   1K  0,1W  1%  50ppm 603  *"
"2.cmp812","R173","LMS-000027","50092685","green","","1K","","","","S","","SMD_0603_H0.6","SMD-R-Chip   1K  0,1W  1%  50ppm 603  *"
"2.cmp887","R174","LMS-000027","50092685","green","","1K","","","","S","","SMD_0603_H0.6","SMD-R-Chip   1K  0,1W  1%  50ppm 603  *"
"2.cmp860","R175","LMS-000027","50092685","green","","1K","","","","S","","SMD_0603_H0.6","SMD-R-Chip   1K  0,1W  1%  50ppm 603  *"
"2.cmp808","R176","LMS-000027","50092685","green","","1K","","","","S","","SMD_0603_H0.6","SMD-R-Chip   1K  0,1W  1%  50ppm 603  *"
"2.cmp827","R177","LMS-000027","50092685","green","","1K","","","","S","","SMD_0603_H0.6","SMD-R-Chip   1K  0,1W  1%  50ppm 603  *"
"2.cmp875","R178","LMS-000027","50092685","green","","1K","","","","S","","SMD_0603_H0.6","SMD-R-Chip   1K  0,1W  1%  50ppm 603  *"
"2.cmp856","R179","LMS-000027","50092685","green","","1K","","","","S","","SMD_0603_H0.6","SMD-R-Chip   1K  0,1W  1%  50ppm 603  *"
"2.cmp783","R180","LMS-000027","50092685","green","","1K","","","","S","","SMD_0603_H0.6","SMD-R-Chip   1K  0,1W  1%  50ppm 603  *"
"2.cmp711","R181","LMS-000027","50092685","green","","1K","","","","S","","SMD_0603_H0.6","SMD-R-Chip   1K  0,1W  1%  50ppm 603  *"
"2.cmp712","R182","LMS-000027","50092685","green","","1K","","","","S","","SMD_0603_H0.6","SMD-R-Chip   1K  0,1W  1%  50ppm 603  *"
"2.cmp713","R183","LMS-000027","50092685","green","","1K","","","","S","","SMD_0603_H0.6","SMD-R-Chip   1K  0,1W  1%  50ppm 603  *"
"2.cmp714","R184","LMS-000027","50092685","green","","1K","","","","S","","SMD_0603_H0.6","SMD-R-Chip   1K  0,1W  1%  50ppm 603  *"
"2.cmp715","R185","LMS-000027","50092685","green","","1K","","","","S","","SMD_0603_H0.6","SMD-R-Chip   1K  0,1W  1%  50ppm 603  *"
"2.cmp716","R186","LMS-000027","50092685","green","","1K","","","","S","","SMD_0603_H0.6","SMD-R-Chip   1K  0,1W  1%  50ppm 603  *"
"2.cmp796","R187","LMS-000027","50092685","green","","1K","","","","S","","SMD_0603_H0.6","SMD-R-Chip   1K  0,1W  1%  50ppm 603  *"
"2.cmp801","R188","LMS-000027","50092685","green","","1K","","","","S","","SMD_0603_H0.6","SMD-R-Chip   1K  0,1W  1%  50ppm 603  *"
"2.cmp774","R189","LMS-000027","50092685","green","","1K","","","","S","","SMD_0603_H0.6","SMD-R-Chip   1K  0,1W  1%  50ppm 603  *"
"2.cmp806","R190","LMS-000027","50092685","green","","1K","","","","S","","SMD_0603_H0.6","SMD-R-Chip   1K  0,1W  1%  50ppm 603  *"
"2.cmp775","R191","LMS-000027","50092685","green","","1K","","","","S","","SMD_0603_H0.6","SMD-R-Chip   1K  0,1W  1%  50ppm 603  *"
"2.cmp795","R192","LMS-000027","50092685","green","","1K","","","","S","","SMD_0603_H0.6","SMD-R-Chip   1K  0,1W  1%  50ppm 603  *"
"2.cmp800","R193","LMS-000027","50092685","green","","1K","","","","S","","SMD_0603_H0.6","SMD-R-Chip   1K  0,1W  1%  50ppm 603  *"
"2.cmp720","R194","LMS-000027","50092685","green","","1K","","","","S","","SMD_0603_H0.6","SMD-R-Chip   1K  0,1W  1%  50ppm 603  *"
"2.cmp719","R195","LMS-000027","50092685","green","","1K","","","","S","","SMD_0603_H0.6","SMD-R-Chip   1K  0,1W  1%  50ppm 603  *"
"2.cmp802","R196","LMS-000027","50092685","green","","1K","","","","S","","SMD_0603_H0.6","SMD-R-Chip   1K  0,1W  1%  50ppm 603  *"
"2.cmp788","R197","LMS-000027","50092685","green","","1K","","","","S","","SMD_0603_H0.6","SMD-R-Chip   1K  0,1W  1%  50ppm 603  *"
"2.cmp721","R198","LMS-000027","50092685","green","","1K","","","","S","","SMD_0603_H0.6","SMD-R-Chip   1K  0,1W  1%  50ppm 603  *"
"2.cmp717","R199","LMS-000027","50092685","green","","1K","","","","S","","SMD_0603_H0.6","SMD-R-Chip   1K  0,1W  1%  50ppm 603  *"
"2.cmp805","R200","LMS-000027","50092685","green","","1K","","","","S","","SMD_0603_H0.6","SMD-R-Chip   1K  0,1W  1%  50ppm 603  *"
"2.cmp784","R201","LMS-000027","50092685","green","","1K","","","","S","","SMD_0603_H0.6","SMD-R-Chip   1K  0,1W  1%  50ppm 603  *"
"2.cmp722","R202","LMS-000027","50092685","green","","1K","","","","S","","SMD_0603_H0.6","SMD-R-Chip   1K  0,1W  1%  50ppm 603  *"
"2.cmp718","R203","LMS-000027","50092685","green","","1K","","","","S","","SMD_0603_H0.6","SMD-R-Chip   1K  0,1W  1%  50ppm 603  *"
"2.cmp766","R204","LMS-000027","50092685","green","","1K","","","","S","","SMD_0603_H0.6","SMD-R-Chip   1K  0,1W  1%  50ppm 603  *"
"2.cmp799","R205","LMS-000027","50092685","green","","1K","","","","S","","SMD_0603_H0.6","SMD-R-Chip   1K  0,1W  1%  50ppm 603  *"
"2.cmp725","R206","LMS-000027","50092685","green","","1K","","","","S","","SMD_0603_H0.6","SMD-R-Chip   1K  0,1W  1%  50ppm 603  *"
"2.cmp726","R207","LMS-000027","50092685","green","","1K","","","","S","","SMD_0603_H0.6","SMD-R-Chip   1K  0,1W  1%  50ppm 603  *"
"2.cmp787","R208","LMS-000027","50092685","green","","1K","","","","S","","SMD_0603_H0.6","SMD-R-Chip   1K  0,1W  1%  50ppm 603  *"
"2.cmp767","R209","LMS-000027","50092685","green","","1K","","","","S","","SMD_0603_H0.6","SMD-R-Chip   1K  0,1W  1%  50ppm 603  *"
"2.cmp723","R210","LMS-000027","50092685","green","","1K","","","","S","","SMD_0603_H0.6","SMD-R-Chip   1K  0,1W  1%  50ppm 603  *"
"2.cmp727","R211","LMS-000027","50092685","green","","1K","","","","S","","SMD_0603_H0.6","SMD-R-Chip   1K  0,1W  1%  50ppm 603  *"
"2.cmp789","R212","LMS-000027","50092685","green","","1K","","","","S","","SMD_0603_H0.6","SMD-R-Chip   1K  0,1W  1%  50ppm 603  *"
"2.cmp768","R213","LMS-000027","50092685","green","","1K","","","","S","","SMD_0603_H0.6","SMD-R-Chip   1K  0,1W  1%  50ppm 603  *"
"2.cmp724","R214","LMS-000027","50092685","green","","1K","","","","S","","SMD_0603_H0.6","SMD-R-Chip   1K  0,1W  1%  50ppm 603  *"
"2.cmp728","R215","LMS-000027","50092685","green","","1K","","","","S","","SMD_0603_H0.6","SMD-R-Chip   1K  0,1W  1%  50ppm 603  *"
"2.cmp780","R216","LMS-000027","50092685","green","","1K","","","","S","","SMD_0603_H0.6","SMD-R-Chip   1K  0,1W  1%  50ppm 603  *"
"2.cmp793","R217","LMS-000027","50092685","green","","1K","","","","S","","SMD_0603_H0.6","SMD-R-Chip   1K  0,1W  1%  50ppm 603  *"
"2.cmp732","R218","LMS-000027","50092685","green","","1K","","","","S","","SMD_0603_H0.6","SMD-R-Chip   1K  0,1W  1%  50ppm 603  *"
"2.cmp731","R219","LMS-000027","50092685","green","","1K","","","","S","","SMD_0603_H0.6","SMD-R-Chip   1K  0,1W  1%  50ppm 603  *"
"2.cmp776","R220","LMS-000027","50092685","green","","1K","","","","S","","SMD_0603_H0.6","SMD-R-Chip   1K  0,1W  1%  50ppm 603  *"
"2.cmp798","R221","LMS-000027","50092685","green","","1K","","","","S","","SMD_0603_H0.6","SMD-R-Chip   1K  0,1W  1%  50ppm 603  *"
"2.cmp733","R222","LMS-000027","50092685","green","","1K","","","","S","","SMD_0603_H0.6","SMD-R-Chip   1K  0,1W  1%  50ppm 603  *"
"2.cmp729","R223","LMS-000027","50092685","green","","1K","","","","S","","SMD_0603_H0.6","SMD-R-Chip   1K  0,1W  1%  50ppm 603  *"
"2.cmp771","R224","LMS-000027","50092685","green","","1K","","","","S","","SMD_0603_H0.6","SMD-R-Chip   1K  0,1W  1%  50ppm 603  *"
"2.cmp770","R225","LMS-000027","50092685","green","","1K","","","","S","","SMD_0603_H0.6","SMD-R-Chip   1K  0,1W  1%  50ppm 603  *"
"2.cmp730","R226","LMS-000027","50092685","green","","1K","","","","S","","SMD_0603_H0.6","SMD-R-Chip   1K  0,1W  1%  50ppm 603  *"
"2.cmp734","R227","LMS-000027","50092685","green","","1K","","","","S","","SMD_0603_H0.6","SMD-R-Chip   1K  0,1W  1%  50ppm 603  *"
"2.cmp782","R228","LMS-000027","50092685","green","","1K","","","","S","","SMD_0603_H0.6","SMD-R-Chip   1K  0,1W  1%  50ppm 603  *"
"2.cmp778","R229","LMS-000027","50092685","green","","1K","","","","S","","SMD_0603_H0.6","SMD-R-Chip   1K  0,1W  1%  50ppm 603  *"
"2.cmp737","R230","LMS-000027","50092685","green","","1K","","","","S","","SMD_0603_H0.6","SMD-R-Chip   1K  0,1W  1%  50ppm 603  *"
"2.cmp738","R231","LMS-000027","50092685","green","","1K","","","","S","","SMD_0603_H0.6","SMD-R-Chip   1K  0,1W  1%  50ppm 603  *"
"2.cmp797","R232","LMS-000027","50092685","green","","1K","","","","S","","SMD_0603_H0.6","SMD-R-Chip   1K  0,1W  1%  50ppm 603  *"
"2.cmp786","R233","LMS-000027","50092685","green","","1K","","","","S","","SMD_0603_H0.6","SMD-R-Chip   1K  0,1W  1%  50ppm 603  *"
"2.cmp739","R234","LMS-000027","50092685","green","","1K","","","","S","","SMD_0603_H0.6","SMD-R-Chip   1K  0,1W  1%  50ppm 603  *"
"2.cmp735","R235","LMS-000027","50092685","green","","1K","","","","S","","SMD_0603_H0.6","SMD-R-Chip   1K  0,1W  1%  50ppm 603  *"
"2.cmp777","R236","LMS-000027","50092685","green","","1K","","","","S","","SMD_0603_H0.6","SMD-R-Chip   1K  0,1W  1%  50ppm 603  *"
"2.cmp804","R237","LMS-000027","50092685","green","","1K","","","","S","","SMD_0603_H0.6","SMD-R-Chip   1K  0,1W  1%  50ppm 603  *"
"2.cmp740","R238","LMS-000027","50092685","green","","1K","","","","S","","SMD_0603_H0.6","SMD-R-Chip   1K  0,1W  1%  50ppm 603  *"
"2.cmp736","R239","LMS-000027","50092685","green","","1K","","","","S","","SMD_0603_H0.6","SMD-R-Chip   1K  0,1W  1%  50ppm 603  *"
"2.cmp759","R240","LMS-000027","50092685","green","","1K","","","","S","","SMD_0603_H0.6","SMD-R-Chip   1K  0,1W  1%  50ppm 603  *"
"2.cmp769","R241","LMS-000027","50092685","green","","1K","","","","S","","SMD_0603_H0.6","SMD-R-Chip   1K  0,1W  1%  50ppm 603  *"
"2.cmp743","R242","LMS-000027","50092685","green","","1K","","","","S","","SMD_0603_H0.6","SMD-R-Chip   1K  0,1W  1%  50ppm 603  *"
"2.cmp744","R243","LMS-000027","50092685","green","","1K","","","","S","","SMD_0603_H0.6","SMD-R-Chip   1K  0,1W  1%  50ppm 603  *"
"2.cmp773","R244","LMS-000027","50092685","green","","1K","","","","S","","SMD_0603_H0.6","SMD-R-Chip   1K  0,1W  1%  50ppm 603  *"
"2.cmp792","R245","LMS-000027","50092685","green","","1K","","","","S","","SMD_0603_H0.6","SMD-R-Chip   1K  0,1W  1%  50ppm 603  *"
"2.cmp741","R246","LMS-000027","50092685","green","","1K","","","","S","","SMD_0603_H0.6","SMD-R-Chip   1K  0,1W  1%  50ppm 603  *"
"2.cmp745","R247","LMS-000027","50092685","green","","1K","","","","S","","SMD_0603_H0.6","SMD-R-Chip   1K  0,1W  1%  50ppm 603  *"
"2.cmp763","R248","LMS-000027","50092685","green","","1K","","","","S","","SMD_0603_H0.6","SMD-R-Chip   1K  0,1W  1%  50ppm 603  *"
"2.cmp794","R249","LMS-000027","50092685","green","","1K","","","","S","","SMD_0603_H0.6","SMD-R-Chip   1K  0,1W  1%  50ppm 603  *"
"2.cmp746","R250","LMS-000027","50092685","green","","1K","","","","S","","SMD_0603_H0.6","SMD-R-Chip   1K  0,1W  1%  50ppm 603  *"
"2.cmp742","R251","LMS-000027","50092685","green","","1K","","","","S","","SMD_0603_H0.6","SMD-R-Chip   1K  0,1W  1%  50ppm 603  *"
"2.cmp772","R252","LMS-000027","50092685","green","","1K","","","","S","","SMD_0603_H0.6","SMD-R-Chip   1K  0,1W  1%  50ppm 603  *"
"2.cmp785","R253","LMS-000027","50092685","green","","1K","","","","S","","SMD_0603_H0.6","SMD-R-Chip   1K  0,1W  1%  50ppm 603  *"
"2.cmp750","R254","LMS-000027","50092685","green","","1K","","","","S","","SMD_0603_H0.6","SMD-R-Chip   1K  0,1W  1%  50ppm 603  *"
"2.cmp749","R255","LMS-000027","50092685","green","","1K","","","","S","","SMD_0603_H0.6","SMD-R-Chip   1K  0,1W  1%  50ppm 603  *"
"2.cmp803","R256","LMS-000027","50092685","green","","1K","","","","S","","SMD_0603_H0.6","SMD-R-Chip   1K  0,1W  1%  50ppm 603  *"
"2.cmp765","R257","LMS-000027","50092685","green","","1K","","","","S","","SMD_0603_H0.6","SMD-R-Chip   1K  0,1W  1%  50ppm 603  *"
"2.cmp751","R258","LMS-000027","50092685","green","","1K","","","","S","","SMD_0603_H0.6","SMD-R-Chip   1K  0,1W  1%  50ppm 603  *"
"2.cmp747","R259","LMS-000027","50092685","green","","1K","","","","S","","SMD_0603_H0.6","SMD-R-Chip   1K  0,1W  1%  50ppm 603  *"
"2.cmp781","R260","LMS-000027","50092685","green","","1K","","","","S","","SMD_0603_H0.6","SMD-R-Chip   1K  0,1W  1%  50ppm 603  *"
"2.cmp762","R261","LMS-000027","50092685","green","","1K","","","","S","","SMD_0603_H0.6","SMD-R-Chip   1K  0,1W  1%  50ppm 603  *"
"2.cmp748","R262","LMS-000027","50092685","green","","1K","","","","S","","SMD_0603_H0.6","SMD-R-Chip   1K  0,1W  1%  50ppm 603  *"
"2.cmp752","R263","LMS-000027","50092685","green","","1K","","","","S","","SMD_0603_H0.6","SMD-R-Chip   1K  0,1W  1%  50ppm 603  *"
"2.cmp790","R264","LMS-000027","50092685","green","","1K","","","","S","","SMD_0603_H0.6","SMD-R-Chip   1K  0,1W  1%  50ppm 603  *"
"2.cmp761","R265","LMS-000027","50092685","green","","1K","","","","S","","SMD_0603_H0.6","SMD-R-Chip   1K  0,1W  1%  50ppm 603  *"
"2.cmp755","R266","LMS-000027","50092685","green","","1K","","","","S","","SMD_0603_H0.6","SMD-R-Chip   1K  0,1W  1%  50ppm 603  *"
"2.cmp756","R267","LMS-000027","50092685","green","","1K","","","","S","","SMD_0603_H0.6","SMD-R-Chip   1K  0,1W  1%  50ppm 603  *"
"2.cmp791","R268","LMS-000027","50092685","green","","1K","","","","S","","SMD_0603_H0.6","SMD-R-Chip   1K  0,1W  1%  50ppm 603  *"
"2.cmp764","R269","LMS-000027","50092685","green","","1K","","","","S","","SMD_0603_H0.6","SMD-R-Chip   1K  0,1W  1%  50ppm 603  *"
"2.cmp757","R270","LMS-000027","50092685","green","","1K","","","","S","","SMD_0603_H0.6","SMD-R-Chip   1K  0,1W  1%  50ppm 603  *"
"2.cmp753","R271","LMS-000027","50092685","green","","1K","","","","S","","SMD_0603_H0.6","SMD-R-Chip   1K  0,1W  1%  50ppm 603  *"
"2.cmp760","R272","LMS-000027","50092685","green","","1K","","","","S","","SMD_0603_H0.6","SMD-R-Chip   1K  0,1W  1%  50ppm 603  *"
"2.cmp779","R273","LMS-000027","50092685","green","","1K","","","","S","","SMD_0603_H0.6","SMD-R-Chip   1K  0,1W  1%  50ppm 603  *"
"2.cmp754","R274","LMS-000027","50092685","green","","1K","","","","S","","SMD_0603_H0.6","SMD-R-Chip   1K  0,1W  1%  50ppm 603  *"
"2.cmp758","R275","LMS-000027","50092685","green","","1K","","","","S","","SMD_0603_H0.6","SMD-R-Chip   1K  0,1W  1%  50ppm 603  *"
"2.cmp504","V1","LMS-002340","71076104","green","","","FDC658AP","","","S","","SMD_SOT23-6_H1.1_2","SMD-FET-PKA FDC658AP  0E05 30V 4A Logic"
"1.cmp1125","V2","LMS-002329","50095095","green","","","US1G","","","S","","SMD_DO214AC_H2.45","SMD-Diode US1G   400V 1A          SMA  !"
"1.cmp1126","V3","LMS-002329","50095095","green","","","US1G","","","S","","SMD_DO214AC_H2.45","SMD-Diode US1G   400V 1A          SMA  !"
"1.cmp1388","V4","LMS-000604","LMS-000604","red","S","","SPP11N65C3","","","W","","THD_TO220_H22.8","FET-NKA  SPP11N65C3  0E38  650V TO220"
"2.cmp505","V5","LMS-002340","71076104","green","","","FDC658AP","","","S","","SMD_SOT23-6_H1.1_2","SMD-FET-PKA FDC658AP  0E05 30V 4A Logic"
"2.cmp506","V6","LMS-002340","71076104","green","","","FDC658AP","","","S","","SMD_SOT23-6_H1.1_2","SMD-FET-PKA FDC658AP  0E05 30V 4A Logic"
"2.cmp507","V7","LMS-002340","71076104","green","","","FDC658AP","","","S","","SMD_SOT23-6_H1.1_2","SMD-FET-PKA FDC658AP  0E05 30V 4A Logic"
"2.cmp508","V8","LMS-002340","71076104","green","","","FDC658AP","","","S","","SMD_SOT23-6_H1.1_2","SMD-FET-PKA FDC658AP  0E05 30V 4A Logic"
"2.cmp509","V9","LMS-002340","71076104","green","","","FDC658AP","","","S","","SMD_SOT23-6_H1.1_2","SMD-FET-PKA FDC658AP  0E05 30V 4A Logic"
"2.cmp510","V10","LMS-002340","71076104","green","","","FDC658AP","","","S","","SMD_SOT23-6_H1.1_2","SMD-FET-PKA FDC658AP  0E05 30V 4A Logic"
"2.cmp511","V11","LMS-002340","71076104","green","","","FDC658AP","","","S","","SMD_SOT23-6_H1.1_2","SMD-FET-PKA FDC658AP  0E05 30V 4A Logic"
"2.cmp512","V12","LMS-002340","71076104","green","","","FDC658AP","","","S","","SMD_SOT23-6_H1.1_2","SMD-FET-PKA FDC658AP  0E05 30V 4A Logic"
"2.cmp513","V13","LMS-002340","71076104","green","","","FDC658AP","","","S","","SMD_SOT23-6_H1.1_2","SMD-FET-PKA FDC658AP  0E05 30V 4A Logic"
"2.cmp514","V14","LMS-002340","71076104","green","","","FDC658AP","","","S","","SMD_SOT23-6_H1.1_2","SMD-FET-PKA FDC658AP  0E05 30V 4A Logic"
"2.cmp515","V15","LMS-002340","71076104","green","","","FDC658AP","","","S","","SMD_SOT23-6_H1.1_2","SMD-FET-PKA FDC658AP  0E05 30V 4A Logic"
"2.cmp516","V16","LMS-002340","71076104","green","","","FDC658AP","","","S","","SMD_SOT23-6_H1.1_2","SMD-FET-PKA FDC658AP  0E05 30V 4A Logic"
"2.cmp517","V17","LMS-002340","71076104","green","","","FDC658AP","","","S","","SMD_SOT23-6_H1.1_2","SMD-FET-PKA FDC658AP  0E05 30V 4A Logic"
"2.cmp518","V18","LMS-002340","71076104","green","","","FDC658AP","","","S","","SMD_SOT23-6_H1.1_2","SMD-FET-PKA FDC658AP  0E05 30V 4A Logic"
"2.cmp519","V19","LMS-002340","71076104","green","","","FDC658AP","","","S","","SMD_SOT23-6_H1.1_2","SMD-FET-PKA FDC658AP  0E05 30V 4A Logic"
"2.cmp520","V20","LMS-002340","71076104","green","","","FDC658AP","","","S","","SMD_SOT23-6_H1.1_2","SMD-FET-PKA FDC658AP  0E05 30V 4A Logic"
"2.cmp521","V21","LMS-002340","71076104","green","","","FDC658AP","","","S","","SMD_SOT23-6_H1.1_2","SMD-FET-PKA FDC658AP  0E05 30V 4A Logic"
"2.cmp522","V22","LMS-002340","71076104","green","","","FDC658AP","","","S","","SMD_SOT23-6_H1.1_2","SMD-FET-PKA FDC658AP  0E05 30V 4A Logic"
"2.cmp523","V23","LMS-002340","71076104","green","","","FDC658AP","","","S","","SMD_SOT23-6_H1.1_2","SMD-FET-PKA FDC658AP  0E05 30V 4A Logic"
"2.cmp524","V24","LMS-002340","71076104","green","","","FDC658AP","","","S","","SMD_SOT23-6_H1.1_2","SMD-FET-PKA FDC658AP  0E05 30V 4A Logic"
"2.cmp525","V25","LMS-002340","71076104","green","","","FDC658AP","","","S","","SMD_SOT23-6_H1.1_2","SMD-FET-PKA FDC658AP  0E05 30V 4A Logic"
"2.cmp526","V26","LMS-002340","71076104","green","","","FDC658AP","","","S","","SMD_SOT23-6_H1.1_2","SMD-FET-PKA FDC658AP  0E05 30V 4A Logic"
"2.cmp527","V27","LMS-002340","71076104","green","","","FDC658AP","","","S","","SMD_SOT23-6_H1.1_2","SMD-FET-PKA FDC658AP  0E05 30V 4A Logic"
"2.cmp528","V28","LMS-002340","71076104","green","","","FDC658AP","","","S","","SMD_SOT23-6_H1.1_2","SMD-FET-PKA FDC658AP  0E05 30V 4A Logic"
"2.cmp529","V29","LMS-002340","71076104","green","","","FDC658AP","","","S","","SMD_SOT23-6_H1.1_2","SMD-FET-PKA FDC658AP  0E05 30V 4A Logic"
"2.cmp530","V30","LMS-002340","71076104","green","","","FDC658AP","","","S","","SMD_SOT23-6_H1.1_2","SMD-FET-PKA FDC658AP  0E05 30V 4A Logic"
"2.cmp531","V31","LMS-002340","71076104","green","","","FDC658AP","","","S","","SMD_SOT23-6_H1.1_2","SMD-FET-PKA FDC658AP  0E05 30V 4A Logic"
"2.cmp532","V32","LMS-002340","71076104","green","","","FDC658AP","","","S","","SMD_SOT23-6_H1.1_2","SMD-FET-PKA FDC658AP  0E05 30V 4A Logic"
"2.cmp501","V33","LMS-002340","71076104","green","","","FDC658AP","","","S","","SMD_SOT23-6_H1.1_2","SMD-FET-PKA FDC658AP  0E05 30V 4A Logic"
"2.cmp502","V35","LMS-002340","71076104","green","","","FDC658AP","","","S","","SMD_SOT23-6_H1.1_2","SMD-FET-PKA FDC658AP  0E05 30V 4A Logic"
"2.cmp503","V36","LMS-002340","71076104","green","","","FDC658AP","","","S","","SMD_SOT23-6_H1.1_2","SMD-FET-PKA FDC658AP  0E05 30V 4A Logic"
"2.cmp1356","V84","LMS-000278","50019820","green","","","BC847B","","","S","","SMD_SOT23_H1.1","SMD-TRANS NPN BC847B   50V 0,2A  SOT-23"
"2.cmp1357","V85","LMS-000278","50019820","green","","","BC847B","","","S","","SMD_SOT23_H1.1","SMD-TRANS NPN BC847B   50V 0,2A  SOT-23"
"2.cmp1358","V86","LMS-000278","50019820","green","","","BC847B","","","S","","SMD_SOT23_H1.1","SMD-TRANS NPN BC847B   50V 0,2A  SOT-23"
"2.cmp1359","V87","LMS-000278","50019820","green","","","BC847B","","","S","","SMD_SOT23_H1.1","SMD-TRANS NPN BC847B   50V 0,2A  SOT-23"
"2.cmp1360","V88","LMS-000278","50019820","green","","","BC847B","","","S","","SMD_SOT23_H1.1","SMD-TRANS NPN BC847B   50V 0,2A  SOT-23"
"2.cmp1361","V89","LMS-000278","50019820","green","","","BC847B","","","S","","SMD_SOT23_H1.1","SMD-TRANS NPN BC847B   50V 0,2A  SOT-23"
"2.cmp1362","V90","LMS-000278","50019820","green","","","BC847B","","","S","","SMD_SOT23_H1.1","SMD-TRANS NPN BC847B   50V 0,2A  SOT-23"
"2.cmp1363","V91","LMS-000278","50019820","green","","","BC847B","","","S","","SMD_SOT23_H1.1","SMD-TRANS NPN BC847B   50V 0,2A  SOT-23"
"2.cmp1364","V92","LMS-000278","50019820","green","","","BC847B","","","S","","SMD_SOT23_H1.1","SMD-TRANS NPN BC847B   50V 0,2A  SOT-23"
"2.cmp1365","V93","LMS-000278","50019820","green","","","BC847B","","","S","","SMD_SOT23_H1.1","SMD-TRANS NPN BC847B   50V 0,2A  SOT-23"
"2.cmp1366","V94","LMS-000278","50019820","green","","","BC847B","","","S","","SMD_SOT23_H1.1","SMD-TRANS NPN BC847B   50V 0,2A  SOT-23"
"2.cmp1367","V95","LMS-000278","50019820","green","","","BC847B","","","S","","SMD_SOT23_H1.1","SMD-TRANS NPN BC847B   50V 0,2A  SOT-23"
"2.cmp1368","V96","LMS-000278","50019820","green","","","BC847B","","","S","","SMD_SOT23_H1.1","SMD-TRANS NPN BC847B   50V 0,2A  SOT-23"
"2.cmp1369","V97","LMS-000278","50019820","green","","","BC847B","","","S","","SMD_SOT23_H1.1","SMD-TRANS NPN BC847B   50V 0,2A  SOT-23"
"2.cmp1370","V98","LMS-000278","50019820","green","","","BC847B","","","S","","SMD_SOT23_H1.1","SMD-TRANS NPN BC847B   50V 0,2A  SOT-23"
"2.cmp1371","V99","LMS-000278","50019820","green","","","BC847B","","","S","","SMD_SOT23_H1.1","SMD-TRANS NPN BC847B   50V 0,2A  SOT-23"
"2.cmp1372","V100","LMS-000278","50019820","green","","","BC847B","","","S","","SMD_SOT23_H1.1","SMD-TRANS NPN BC847B   50V 0,2A  SOT-23"
"2.cmp1373","V101","LMS-000278","50019820","green","","","BC847B","","","S","","SMD_SOT23_H1.1","SMD-TRANS NPN BC847B   50V 0,2A  SOT-23"
"2.cmp1374","V102","LMS-000278","50019820","green","","","BC847B","","","S","","SMD_SOT23_H1.1","SMD-TRANS NPN BC847B   50V 0,2A  SOT-23"
"2.cmp1375","V103","LMS-000278","50019820","green","","","BC847B","","","S","","SMD_SOT23_H1.1","SMD-TRANS NPN BC847B   50V 0,2A  SOT-23"
"2.cmp1376","V104","LMS-000278","50019820","green","","","BC847B","","","S","","SMD_SOT23_H1.1","SMD-TRANS NPN BC847B   50V 0,2A  SOT-23"
"2.cmp1377","V105","LMS-000278","50019820","green","","","BC847B","","","S","","SMD_SOT23_H1.1","SMD-TRANS NPN BC847B   50V 0,2A  SOT-23"
"2.cmp1378","V106","LMS-000278","50019820","green","","","BC847B","","","S","","SMD_SOT23_H1.1","SMD-TRANS NPN BC847B   50V 0,2A  SOT-23"
"2.cmp1379","V107","LMS-000278","50019820","green","","","BC847B","","","S","","SMD_SOT23_H1.1","SMD-TRANS NPN BC847B   50V 0,2A  SOT-23"
"2.cmp1380","V108","LMS-000278","50019820","green","","","BC847B","","","S","","SMD_SOT23_H1.1","SMD-TRANS NPN BC847B   50V 0,2A  SOT-23"
"2.cmp1381","V109","LMS-000278","50019820","green","","","BC847B","","","S","","SMD_SOT23_H1.1","SMD-TRANS NPN BC847B   50V 0,2A  SOT-23"
"2.cmp1382","V110","LMS-000278","50019820","green","","","BC847B","","","S","","SMD_SOT23_H1.1","SMD-TRANS NPN BC847B   50V 0,2A  SOT-23"
"2.cmp1383","V111","LMS-000278","50019820","green","","","BC847B","","","S","","SMD_SOT23_H1.1","SMD-TRANS NPN BC847B   50V 0,2A  SOT-23"
"2.cmp1384","V112","LMS-000278","50019820","green","","","BC847B","","","S","","SMD_SOT23_H1.1","SMD-TRANS NPN BC847B   50V 0,2A  SOT-23"
"2.cmp1385","V113","LMS-000278","50019820","green","","","BC847B","","","S","","SMD_SOT23_H1.1","SMD-TRANS NPN BC847B   50V 0,2A  SOT-23"
"2.cmp1386","V114","LMS-000278","50019820","green","","","BC847B","","","S","","SMD_SOT23_H1.1","SMD-TRANS NPN BC847B   50V 0,2A  SOT-23"
"2.cmp1387","V115","LMS-000278","50019820","green","","","BC847B","","","S","","SMD_SOT23_H1.1","SMD-TRANS NPN BC847B   50V 0,2A  SOT-23"
"2.cmp1388","V116","LMS-000278","50019820","green","","","BC847B","","","S","","SMD_SOT23_H1.1","SMD-TRANS NPN BC847B   50V 0,2A  SOT-23"
"2.cmp1389","V117","LMS-000278","50019820","green","","","BC847B","","","S","","SMD_SOT23_H1.1","SMD-TRANS NPN BC847B   50V 0,2A  SOT-23"
"2.cmp1391","V118","LMS-000278","50019820","green","","","BC847B","","","S","","SMD_SOT23_H1.1","SMD-TRANS NPN BC847B   50V 0,2A  SOT-23"
"2.cmp1392","V119","LMS-000278","50019820","green","","","BC847B","","","S","","SMD_SOT23_H1.1","SMD-TRANS NPN BC847B   50V 0,2A  SOT-23"
"2.cmp1393","V120","LMS-000278","50019820","green","","","BC847B","","","S","","SMD_SOT23_H1.1","SMD-TRANS NPN BC847B   50V 0,2A  SOT-23"
"2.cmp1394","V121","LMS-000278","50019820","green","","","BC847B","","","S","","SMD_SOT23_H1.1","SMD-TRANS NPN BC847B   50V 0,2A  SOT-23"
"2.cmp1395","V122","LMS-000278","50019820","green","","","BC847B","","","S","","SMD_SOT23_H1.1","SMD-TRANS NPN BC847B   50V 0,2A  SOT-23"
"2.cmp1396","V123","LMS-000278","50019820","green","","","BC847B","","","S","","SMD_SOT23_H1.1","SMD-TRANS NPN BC847B   50V 0,2A  SOT-23"
"2.cmp1397","V124","LMS-000278","50019820","green","","","BC847B","","","S","","SMD_SOT23_H1.1","SMD-TRANS NPN BC847B   50V 0,2A  SOT-23"
"2.cmp1398","V125","LMS-000278","50019820","green","","","BC847B","","","S","","SMD_SOT23_H1.1","SMD-TRANS NPN BC847B   50V 0,2A  SOT-23"
"2.cmp1399","V126","LMS-000278","50019820","green","","","BC847B","","","S","","SMD_SOT23_H1.1","SMD-TRANS NPN BC847B   50V 0,2A  SOT-23"
"2.cmp1400","V127","LMS-000278","50019820","green","","","BC847B","","","S","","SMD_SOT23_H1.1","SMD-TRANS NPN BC847B   50V 0,2A  SOT-23"
"2.cmp1402","V128","LMS-000278","50019820","green","","","BC847B","","","S","","SMD_SOT23_H1.1","SMD-TRANS NPN BC847B   50V 0,2A  SOT-23"
"2.cmp1403","V129","LMS-000278","50019820","green","","","BC847B","","","S","","SMD_SOT23_H1.1","SMD-TRANS NPN BC847B   50V 0,2A  SOT-23"
"2.cmp1404","V130","LMS-000278","50019820","green","","","BC847B","","","S","","SMD_SOT23_H1.1","SMD-TRANS NPN BC847B   50V 0,2A  SOT-23"
"2.cmp1405","V131","LMS-000278","50019820","green","","","BC847B","","","S","","SMD_SOT23_H1.1","SMD-TRANS NPN BC847B   50V 0,2A  SOT-23"
"1.cmp845","X3","LMS-000314","50019231","green","","","","","","W","","THD_X_P_2.54_TOP_1_3","STIFTLEISTE-PF  1*   3POL RM2,54 GERADE"
"1.cmp842","X3","LMS-000314","50019231","green","","","","","","W","","THD_X_P_2.54_TOP_1_3","STIFTLEISTE-PF  1*   3POL RM2,54 GERADE"
"1.cmp839","X3","LMS-000314","50019231","green","","","","","","W","","THD_X_P_2.54_TOP_1_3","STIFTLEISTE-PF  1*   3POL RM2,54 GERADE"
"1.cmp1318","X4","LMS-001014","71025946","green","","","","","","W","","THD_X_P_2.54_TOP_2_7_2","Stiftleiste LP/LP 2* 7POL RM2,54/17,7GE"
"1.cmp1319","X4","LMS-001014","71025946","green","","","","","","W","","THD_X_P_2.54_TOP_2_7_2","Stiftleiste LP/LP 2* 7POL RM2,54/17,7GE"
"1.cmp1320","X4","LMS-001014","71025946","green","","","","","","W","","THD_X_P_2.54_TOP_2_7_2","Stiftleiste LP/LP 2* 7POL RM2,54/17,7GE"
"1.cmp1321","X4","LMS-001014","71025946","green","","","","","","W","","THD_X_P_2.54_TOP_2_7_2","Stiftleiste LP/LP 2* 7POL RM2,54/17,7GE"
"1.cmp1322","X4","LMS-001014","71025946","green","","","","","","W","","THD_X_P_2.54_TOP_2_7_2","Stiftleiste LP/LP 2* 7POL RM2,54/17,7GE"
"1.cmp1317","X4","LMS-001014","71025946","green","","","","","","W","","THD_X_P_2.54_TOP_2_7_2","Stiftleiste LP/LP 2* 7POL RM2,54/17,7GE"
"1.cmp1324","X4","LMS-001014","71025946","green","","","","","","W","","THD_X_P_2.54_TOP_2_7_2","Stiftleiste LP/LP 2* 7POL RM2,54/17,7GE"
"1.cmp1325","X4","LMS-001014","71025946","green","","","","","","W","","THD_X_P_2.54_TOP_2_7_2","Stiftleiste LP/LP 2* 7POL RM2,54/17,7GE"
"1.cmp1326","X4","LMS-001014","71025946","green","","","","","","W","","THD_X_P_2.54_TOP_2_7_2","Stiftleiste LP/LP 2* 7POL RM2,54/17,7GE"
"1.cmp1327","X4","LMS-001014","71025946","green","","","","","","W","","THD_X_P_2.54_TOP_2_7_2","Stiftleiste LP/LP 2* 7POL RM2,54/17,7GE"
"1.cmp1328","X4","LMS-001014","71025946","green","","","","","","W","","THD_X_P_2.54_TOP_2_7_2","Stiftleiste LP/LP 2* 7POL RM2,54/17,7GE"
"1.cmp1316","X4","LMS-001014","71025946","green","","","","","","W","","THD_X_P_2.54_TOP_2_7_2","Stiftleiste LP/LP 2* 7POL RM2,54/17,7GE"
"1.cmp1315","X4","LMS-001014","71025946","green","","","","","","W","","THD_X_P_2.54_TOP_2_7_2","Stiftleiste LP/LP 2* 7POL RM2,54/17,7GE"
"1.cmp1323","X4","LMS-001014","71025946","green","","","","","","W","","THD_X_P_2.54_TOP_2_7_2","Stiftleiste LP/LP 2* 7POL RM2,54/17,7GE"
"1.cmp1613","X9","LMS-000395","50096323","green","","","","","","W","","THD_X_P_2.54_TOP_2_7","Stiftleiste LP/LP 2* 7POL RM2,54  GE"
"1.cmp1614","X9","LMS-000395","50096323","green","","","","","","W","","THD_X_P_2.54_TOP_2_7","Stiftleiste LP/LP 2* 7POL RM2,54  GE"
"1.cmp1615","X9","LMS-000395","50096323","green","","","","","","W","","THD_X_P_2.54_TOP_2_7","Stiftleiste LP/LP 2* 7POL RM2,54  GE"
"1.cmp1616","X9","LMS-000395","50096323","green","","","","","","W","","THD_X_P_2.54_TOP_2_7","Stiftleiste LP/LP 2* 7POL RM2,54  GE"
"1.cmp1617","X9","LMS-000395","50096323","green","","","","","","W","","THD_X_P_2.54_TOP_2_7","Stiftleiste LP/LP 2* 7POL RM2,54  GE"
"1.cmp1618","X9","LMS-000395","50096323","green","","","","","","W","","THD_X_P_2.54_TOP_2_7","Stiftleiste LP/LP 2* 7POL RM2,54  GE"
"1.cmp1619","X9","LMS-000395","50096323","green","","","","","","W","","THD_X_P_2.54_TOP_2_7","Stiftleiste LP/LP 2* 7POL RM2,54  GE"
"1.cmp1620","X9","LMS-000395","50096323","green","","","","","","W","","THD_X_P_2.54_TOP_2_7","Stiftleiste LP/LP 2* 7POL RM2,54  GE"
"1.cmp1621","X9","LMS-000395","50096323","green","","","","","","W","","THD_X_P_2.54_TOP_2_7","Stiftleiste LP/LP 2* 7POL RM2,54  GE"
"1.cmp1622","X9","LMS-000395","50096323","green","","","","","","W","","THD_X_P_2.54_TOP_2_7","Stiftleiste LP/LP 2* 7POL RM2,54  GE"
"1.cmp1623","X9","LMS-000395","50096323","green","","","","","","W","","THD_X_P_2.54_TOP_2_7","Stiftleiste LP/LP 2* 7POL RM2,54  GE"
"1.cmp1612","X9","LMS-000395","50096323","green","","","","","","W","","THD_X_P_2.54_TOP_2_7","Stiftleiste LP/LP 2* 7POL RM2,54  GE"
"1.cmp1610","X9","LMS-000395","50096323","green","","","","","","W","","THD_X_P_2.54_TOP_2_7","Stiftleiste LP/LP 2* 7POL RM2,54  GE"
"1.cmp1611","X9","LMS-000395","50096323","green","","","","","","W","","THD_X_P_2.54_TOP_2_7","Stiftleiste LP/LP 2* 7POL RM2,54  GE"
"2.cmp583","X68","LMS-004369","50019232","green","","","","","","W","","THD_X_P_2.54_TOP_1_2_2","STIFTLEISTE-PF  1*   2POL RM2,54 GERADE"
"2.cmp582","X68","LMS-004369","50019232","green","","","","","","W","","THD_X_P_2.54_TOP_1_2_2","STIFTLEISTE-PF  1*   2POL RM2,54 GERADE"
"2.cmp585","X69","LMS-004369","50019232","green","","","","","","W","","THD_X_P_2.54_TOP_1_2_2","STIFTLEISTE-PF  1*   2POL RM2,54 GERADE"
"2.cmp584","X69","LMS-004369","50019232","green","","","","","","W","","THD_X_P_2.54_TOP_1_2_2","STIFTLEISTE-PF  1*   2POL RM2,54 GERADE"
"2.cmp587","X70","LMS-004369","50019232","green","","","","","","W","","THD_X_P_2.54_TOP_1_2_2","STIFTLEISTE-PF  1*   2POL RM2,54 GERADE"
"2.cmp586","X70","LMS-004369","50019232","green","","","","","","W","","THD_X_P_2.54_TOP_1_2_2","STIFTLEISTE-PF  1*   2POL RM2,54 GERADE"
"2.cmp589","X71","LMS-004369","50019232","green","","","","","","W","","THD_X_P_2.54_TOP_1_2_2","STIFTLEISTE-PF  1*   2POL RM2,54 GERADE"
"2.cmp588","X71","LMS-004369","50019232","green","","","","","","W","","THD_X_P_2.54_TOP_1_2_2","STIFTLEISTE-PF  1*   2POL RM2,54 GERADE"
"2.cmp590","X72","LMS-004369","50019232","green","","","","","","W","","THD_X_P_2.54_TOP_1_2_2","STIFTLEISTE-PF  1*   2POL RM2,54 GERADE"
"2.cmp591","X72","LMS-004369","50019232","green","","","","","","W","","THD_X_P_2.54_TOP_1_2_2","STIFTLEISTE-PF  1*   2POL RM2,54 GERADE"
"2.cmp593","X73","LMS-004369","50019232","green","","","","","","W","","THD_X_P_2.54_TOP_1_2_2","STIFTLEISTE-PF  1*   2POL RM2,54 GERADE"
"2.cmp592","X73","LMS-004369","50019232","green","","","","","","W","","THD_X_P_2.54_TOP_1_2_2","STIFTLEISTE-PF  1*   2POL RM2,54 GERADE"
"2.cmp595","X74","LMS-004369","50019232","green","","","","","","W","","THD_X_P_2.54_TOP_1_2_2","STIFTLEISTE-PF  1*   2POL RM2,54 GERADE"
"2.cmp594","X74","LMS-004369","50019232","green","","","","","","W","","THD_X_P_2.54_TOP_1_2_2","STIFTLEISTE-PF  1*   2POL RM2,54 GERADE"
"2.cmp597","X75","LMS-004369","50019232","green","","","","","","W","","THD_X_P_2.54_TOP_1_2_2","STIFTLEISTE-PF  1*   2POL RM2,54 GERADE"
"2.cmp596","X75","LMS-004369","50019232","green","","","","","","W","","THD_X_P_2.54_TOP_1_2_2","STIFTLEISTE-PF  1*   2POL RM2,54 GERADE"
"2.cmp599","X76","LMS-004369","50019232","green","","","","","","W","","THD_X_P_2.54_TOP_1_2_2","STIFTLEISTE-PF  1*   2POL RM2,54 GERADE"
"2.cmp598","X76","LMS-004369","50019232","green","","","","","","W","","THD_X_P_2.54_TOP_1_2_2","STIFTLEISTE-PF  1*   2POL RM2,54 GERADE"
"2.cmp600","X77","LMS-004369","50019232","green","","","","","","W","","THD_X_P_2.54_TOP_1_2_2","STIFTLEISTE-PF  1*   2POL RM2,54 GERADE"
"2.cmp601","X77","LMS-004369","50019232","green","","","","","","W","","THD_X_P_2.54_TOP_1_2_2","STIFTLEISTE-PF  1*   2POL RM2,54 GERADE"
"2.cmp603","X78","LMS-004369","50019232","green","","","","","","W","","THD_X_P_2.54_TOP_1_2_2","STIFTLEISTE-PF  1*   2POL RM2,54 GERADE"
"2.cmp602","X78","LMS-004369","50019232","green","","","","","","W","","THD_X_P_2.54_TOP_1_2_2","STIFTLEISTE-PF  1*   2POL RM2,54 GERADE"
"2.cmp605","X79","LMS-004369","50019232","green","","","","","","W","","THD_X_P_2.54_TOP_1_2_2","STIFTLEISTE-PF  1*   2POL RM2,54 GERADE"
"2.cmp604","X79","LMS-004369","50019232","green","","","","","","W","","THD_X_P_2.54_TOP_1_2_2","STIFTLEISTE-PF  1*   2POL RM2,54 GERADE"
"2.cmp607","X80","LMS-004369","50019232","green","","","","","","W","","THD_X_P_2.54_TOP_1_2_2","STIFTLEISTE-PF  1*   2POL RM2,54 GERADE"
"2.cmp606","X80","LMS-004369","50019232","green","","","","","","W","","THD_X_P_2.54_TOP_1_2_2","STIFTLEISTE-PF  1*   2POL RM2,54 GERADE"
"2.cmp609","X81","LMS-004369","50019232","green","","","","","","W","","THD_X_P_2.54_TOP_1_2_2","STIFTLEISTE-PF  1*   2POL RM2,54 GERADE"
"2.cmp608","X81","LMS-004369","50019232","green","","","","","","W","","THD_X_P_2.54_TOP_1_2_2","STIFTLEISTE-PF  1*   2POL RM2,54 GERADE"
"2.cmp610","X82","LMS-004369","50019232","green","","","","","","W","","THD_X_P_2.54_TOP_1_2_2","STIFTLEISTE-PF  1*   2POL RM2,54 GERADE"
"2.cmp611","X82","LMS-004369","50019232","green","","","","","","W","","THD_X_P_2.54_TOP_1_2_2","STIFTLEISTE-PF  1*   2POL RM2,54 GERADE"
"2.cmp613","X83","LMS-004369","50019232","green","","","","","","W","","THD_X_P_2.54_TOP_1_2_2","STIFTLEISTE-PF  1*   2POL RM2,54 GERADE"
"2.cmp612","X83","LMS-004369","50019232","green","","","","","","W","","THD_X_P_2.54_TOP_1_2_2","STIFTLEISTE-PF  1*   2POL RM2,54 GERADE"
"2.cmp615","X84","LMS-004369","50019232","green","","","","","","W","","THD_X_P_2.54_TOP_1_2_2","STIFTLEISTE-PF  1*   2POL RM2,54 GERADE"
"2.cmp614","X84","LMS-004369","50019232","green","","","","","","W","","THD_X_P_2.54_TOP_1_2_2","STIFTLEISTE-PF  1*   2POL RM2,54 GERADE"
"2.cmp617","X85","LMS-004369","50019232","green","","","","","","W","","THD_X_P_2.54_TOP_1_2_2","STIFTLEISTE-PF  1*   2POL RM2,54 GERADE"
"2.cmp616","X85","LMS-004369","50019232","green","","","","","","W","","THD_X_P_2.54_TOP_1_2_2","STIFTLEISTE-PF  1*   2POL RM2,54 GERADE"
"2.cmp619","X86","LMS-004369","50019232","green","","","","","","W","","THD_X_P_2.54_TOP_1_2_2","STIFTLEISTE-PF  1*   2POL RM2,54 GERADE"
"2.cmp618","X86","LMS-004369","50019232","green","","","","","","W","","THD_X_P_2.54_TOP_1_2_2","STIFTLEISTE-PF  1*   2POL RM2,54 GERADE"
"2.cmp620","X87","LMS-004369","50019232","green","","","","","","W","","THD_X_P_2.54_TOP_1_2_2","STIFTLEISTE-PF  1*   2POL RM2,54 GERADE"
"2.cmp621","X87","LMS-004369","50019232","green","","","","","","W","","THD_X_P_2.54_TOP_1_2_2","STIFTLEISTE-PF  1*   2POL RM2,54 GERADE"
"2.cmp623","X88","LMS-004369","50019232","green","","","","","","W","","THD_X_P_2.54_TOP_1_2_2","STIFTLEISTE-PF  1*   2POL RM2,54 GERADE"
"2.cmp622","X88","LMS-004369","50019232","green","","","","","","W","","THD_X_P_2.54_TOP_1_2_2","STIFTLEISTE-PF  1*   2POL RM2,54 GERADE"
"2.cmp625","X89","LMS-004369","50019232","green","","","","","","W","","THD_X_P_2.54_TOP_1_2_2","STIFTLEISTE-PF  1*   2POL RM2,54 GERADE"
"2.cmp624","X89","LMS-004369","50019232","green","","","","","","W","","THD_X_P_2.54_TOP_1_2_2","STIFTLEISTE-PF  1*   2POL RM2,54 GERADE"
"2.cmp627","X90","LMS-004369","50019232","green","","","","","","W","","THD_X_P_2.54_TOP_1_2_2","STIFTLEISTE-PF  1*   2POL RM2,54 GERADE"
"2.cmp626","X90","LMS-004369","50019232","green","","","","","","W","","THD_X_P_2.54_TOP_1_2_2","STIFTLEISTE-PF  1*   2POL RM2,54 GERADE"
"2.cmp629","X91","LMS-004369","50019232","green","","","","","","W","","THD_X_P_2.54_TOP_1_2_2","STIFTLEISTE-PF  1*   2POL RM2,54 GERADE"
"2.cmp628","X91","LMS-004369","50019232","green","","","","","","W","","THD_X_P_2.54_TOP_1_2_2","STIFTLEISTE-PF  1*   2POL RM2,54 GERADE"
"2.cmp630","X92","LMS-004369","50019232","green","","","","","","W","","THD_X_P_2.54_TOP_1_2_2","STIFTLEISTE-PF  1*   2POL RM2,54 GERADE"
"2.cmp631","X92","LMS-004369","50019232","green","","","","","","W","","THD_X_P_2.54_TOP_1_2_2","STIFTLEISTE-PF  1*   2POL RM2,54 GERADE"
"2.cmp633","X93","LMS-004369","50019232","green","","","","","","W","","THD_X_P_2.54_TOP_1_2_2","STIFTLEISTE-PF  1*   2POL RM2,54 GERADE"
"2.cmp632","X93","LMS-004369","50019232","green","","","","","","W","","THD_X_P_2.54_TOP_1_2_2","STIFTLEISTE-PF  1*   2POL RM2,54 GERADE"
"2.cmp635","X94","LMS-004369","50019232","green","","","","","","W","","THD_X_P_2.54_TOP_1_2_2","STIFTLEISTE-PF  1*   2POL RM2,54 GERADE"
"2.cmp634","X94","LMS-004369","50019232","green","","","","","","W","","THD_X_P_2.54_TOP_1_2_2","STIFTLEISTE-PF  1*   2POL RM2,54 GERADE"
"2.cmp637","X95","LMS-004369","50019232","green","","","","","","W","","THD_X_P_2.54_TOP_1_2_2","STIFTLEISTE-PF  1*   2POL RM2,54 GERADE"
"2.cmp636","X95","LMS-004369","50019232","green","","","","","","W","","THD_X_P_2.54_TOP_1_2_2","STIFTLEISTE-PF  1*   2POL RM2,54 GERADE"
"2.cmp639","X96","LMS-004369","50019232","green","","","","","","W","","THD_X_P_2.54_TOP_1_2_2","STIFTLEISTE-PF  1*   2POL RM2,54 GERADE"
"2.cmp638","X96","LMS-004369","50019232","green","","","","","","W","","THD_X_P_2.54_TOP_1_2_2","STIFTLEISTE-PF  1*   2POL RM2,54 GERADE"
"2.cmp640","X97","LMS-004369","50019232","green","","","","","","W","","THD_X_P_2.54_TOP_1_2_2","STIFTLEISTE-PF  1*   2POL RM2,54 GERADE"
"2.cmp641","X97","LMS-004369","50019232","green","","","","","","W","","THD_X_P_2.54_TOP_1_2_2","STIFTLEISTE-PF  1*   2POL RM2,54 GERADE"
"2.cmp643","X98","LMS-004369","50019232","green","","","","","","W","","THD_X_P_2.54_TOP_1_2_2","STIFTLEISTE-PF  1*   2POL RM2,54 GERADE"
"2.cmp642","X98","LMS-004369","50019232","green","","","","","","W","","THD_X_P_2.54_TOP_1_2_2","STIFTLEISTE-PF  1*   2POL RM2,54 GERADE"
"2.cmp645","X99","LMS-004369","50019232","green","","","","","","W","","THD_X_P_2.54_TOP_1_2_2","STIFTLEISTE-PF  1*   2POL RM2,54 GERADE"
"2.cmp644","X99","LMS-004369","50019232","green","","","","","","W","","THD_X_P_2.54_TOP_1_2_2","STIFTLEISTE-PF  1*   2POL RM2,54 GERADE"
"2.cmp647","X100","LMS-004369","50019232","green","","","","","","W","","THD_X_P_2.54_TOP_1_2_2","STIFTLEISTE-PF  1*   2POL RM2,54 GERADE"
"2.cmp646","X100","LMS-004369","50019232","green","","","","","","W","","THD_X_P_2.54_TOP_1_2_2","STIFTLEISTE-PF  1*   2POL RM2,54 GERADE"
"2.cmp649","X101","LMS-004369","50019232","green","","","","","","W","","THD_X_P_2.54_TOP_1_2_2","STIFTLEISTE-PF  1*   2POL RM2,54 GERADE"
"2.cmp648","X101","LMS-004369","50019232","green","","","","","","W","","THD_X_P_2.54_TOP_1_2_2","STIFTLEISTE-PF  1*   2POL RM2,54 GERADE"
"2.cmp650","X102","LMS-004369","50019232","green","","","","","","W","","THD_X_P_2.54_TOP_1_2_2","STIFTLEISTE-PF  1*   2POL RM2,54 GERADE"
"2.cmp651","X102","LMS-004369","50019232","green","","","","","","W","","THD_X_P_2.54_TOP_1_2_2","STIFTLEISTE-PF  1*   2POL RM2,54 GERADE"
"2.cmp653","X103","LMS-004369","50019232","green","","","","","","W","","THD_X_P_2.54_TOP_1_2_2","STIFTLEISTE-PF  1*   2POL RM2,54 GERADE"
"2.cmp652","X103","LMS-004369","50019232","green","","","","","","W","","THD_X_P_2.54_TOP_1_2_2","STIFTLEISTE-PF  1*   2POL RM2,54 GERADE"
"2.cmp655","X104","LMS-004369","50019232","green","","","","","","W","","THD_X_P_2.54_TOP_1_2_2","STIFTLEISTE-PF  1*   2POL RM2,54 GERADE"
"2.cmp654","X104","LMS-004369","50019232","green","","","","","","W","","THD_X_P_2.54_TOP_1_2_2","STIFTLEISTE-PF  1*   2POL RM2,54 GERADE"
"2.cmp657","X105","LMS-004369","50019232","green","","","","","","W","","THD_X_P_2.54_TOP_1_2_2","STIFTLEISTE-PF  1*   2POL RM2,54 GERADE"
"2.cmp656","X105","LMS-004369","50019232","green","","","","","","W","","THD_X_P_2.54_TOP_1_2_2","STIFTLEISTE-PF  1*   2POL RM2,54 GERADE"
"2.cmp659","X106","LMS-004369","50019232","green","","","","","","W","","THD_X_P_2.54_TOP_1_2_2","STIFTLEISTE-PF  1*   2POL RM2,54 GERADE"
"2.cmp658","X106","LMS-004369","50019232","green","","","","","","W","","THD_X_P_2.54_TOP_1_2_2","STIFTLEISTE-PF  1*   2POL RM2,54 GERADE"
"2.cmp660","X107","LMS-004369","50019232","green","","","","","","W","","THD_X_P_2.54_TOP_1_2_2","STIFTLEISTE-PF  1*   2POL RM2,54 GERADE"
"2.cmp661","X107","LMS-004369","50019232","green","","","","","","W","","THD_X_P_2.54_TOP_1_2_2","STIFTLEISTE-PF  1*   2POL RM2,54 GERADE"
"2.cmp663","X108","LMS-004369","50019232","green","","","","","","W","","THD_X_P_2.54_TOP_1_2_2","STIFTLEISTE-PF  1*   2POL RM2,54 GERADE"
"2.cmp662","X108","LMS-004369","50019232","green","","","","","","W","","THD_X_P_2.54_TOP_1_2_2","STIFTLEISTE-PF  1*   2POL RM2,54 GERADE"
"2.cmp665","X109","LMS-004369","50019232","green","","","","","","W","","THD_X_P_2.54_TOP_1_2_2","STIFTLEISTE-PF  1*   2POL RM2,54 GERADE"
"2.cmp664","X109","LMS-004369","50019232","green","","","","","","W","","THD_X_P_2.54_TOP_1_2_2","STIFTLEISTE-PF  1*   2POL RM2,54 GERADE"
"2.cmp667","X110","LMS-004369","50019232","green","","","","","","W","","THD_X_P_2.54_TOP_1_2_2","STIFTLEISTE-PF  1*   2POL RM2,54 GERADE"
"2.cmp666","X110","LMS-004369","50019232","green","","","","","","W","","THD_X_P_2.54_TOP_1_2_2","STIFTLEISTE-PF  1*   2POL RM2,54 GERADE"
"2.cmp669","X111","LMS-004369","50019232","green","","","","","","W","","THD_X_P_2.54_TOP_1_2_2","STIFTLEISTE-PF  1*   2POL RM2,54 GERADE"
"2.cmp668","X111","LMS-004369","50019232","green","","","","","","W","","THD_X_P_2.54_TOP_1_2_2","STIFTLEISTE-PF  1*   2POL RM2,54 GERADE"
"2.cmp670","X112","LMS-004369","50019232","green","","","","","","W","","THD_X_P_2.54_TOP_1_2_2","STIFTLEISTE-PF  1*   2POL RM2,54 GERADE"
"2.cmp671","X112","LMS-004369","50019232","green","","","","","","W","","THD_X_P_2.54_TOP_1_2_2","STIFTLEISTE-PF  1*   2POL RM2,54 GERADE"
"2.cmp673","X113","LMS-004369","50019232","green","","","","","","W","","THD_X_P_2.54_TOP_1_2_2","STIFTLEISTE-PF  1*   2POL RM2,54 GERADE"
"2.cmp672","X113","LMS-004369","50019232","green","","","","","","W","","THD_X_P_2.54_TOP_1_2_2","STIFTLEISTE-PF  1*   2POL RM2,54 GERADE"
"2.cmp675","X114","LMS-004369","50019232","green","","","","","","W","","THD_X_P_2.54_TOP_1_2_2","STIFTLEISTE-PF  1*   2POL RM2,54 GERADE"
"2.cmp674","X114","LMS-004369","50019232","green","","","","","","W","","THD_X_P_2.54_TOP_1_2_2","STIFTLEISTE-PF  1*   2POL RM2,54 GERADE"
"2.cmp677","X115","LMS-004369","50019232","green","","","","","","W","","THD_X_P_2.54_TOP_1_2_2","STIFTLEISTE-PF  1*   2POL RM2,54 GERADE"
"2.cmp676","X115","LMS-004369","50019232","green","","","","","","W","","THD_X_P_2.54_TOP_1_2_2","STIFTLEISTE-PF  1*   2POL RM2,54 GERADE"
"2.cmp680","X116","LMS-004369","50019232","green","","","","","","W","","THD_X_P_2.54_TOP_1_2_2","STIFTLEISTE-PF  1*   2POL RM2,54 GERADE"
"2.cmp679","X116","LMS-004369","50019232","green","","","","","","W","","THD_X_P_2.54_TOP_1_2_2","STIFTLEISTE-PF  1*   2POL RM2,54 GERADE"
"2.cmp681","X117","LMS-004369","50019232","green","","","","","","W","","THD_X_P_2.54_TOP_1_2_2","STIFTLEISTE-PF  1*   2POL RM2,54 GERADE"
"2.cmp682","X117","LMS-004369","50019232","green","","","","","","W","","THD_X_P_2.54_TOP_1_2_2","STIFTLEISTE-PF  1*   2POL RM2,54 GERADE"
"2.cmp684","X118","LMS-004369","50019232","green","","","","","","W","","THD_X_P_2.54_TOP_1_2_2","STIFTLEISTE-PF  1*   2POL RM2,54 GERADE"
"2.cmp683","X118","LMS-004369","50019232","green","","","","","","W","","THD_X_P_2.54_TOP_1_2_2","STIFTLEISTE-PF  1*   2POL RM2,54 GERADE"
"2.cmp686","X119","LMS-004369","50019232","green","","","","","","W","","THD_X_P_2.54_TOP_1_2_2","STIFTLEISTE-PF  1*   2POL RM2,54 GERADE"
"2.cmp685","X119","LMS-004369","50019232","green","","","","","","W","","THD_X_P_2.54_TOP_1_2_2","STIFTLEISTE-PF  1*   2POL RM2,54 GERADE"
"2.cmp688","X120","LMS-004369","50019232","green","","","","","","W","","THD_X_P_2.54_TOP_1_2_2","STIFTLEISTE-PF  1*   2POL RM2,54 GERADE"
"2.cmp687","X120","LMS-004369","50019232","green","","","","","","W","","THD_X_P_2.54_TOP_1_2_2","STIFTLEISTE-PF  1*   2POL RM2,54 GERADE"
"2.cmp690","X121","LMS-004369","50019232","green","","","","","","W","","THD_X_P_2.54_TOP_1_2_2","STIFTLEISTE-PF  1*   2POL RM2,54 GERADE"
"2.cmp689","X121","LMS-004369","50019232","green","","","","","","W","","THD_X_P_2.54_TOP_1_2_2","STIFTLEISTE-PF  1*   2POL RM2,54 GERADE"
"2.cmp691","X122","LMS-004369","50019232","green","","","","","","W","","THD_X_P_2.54_TOP_1_2_2","STIFTLEISTE-PF  1*   2POL RM2,54 GERADE"
"2.cmp692","X122","LMS-004369","50019232","green","","","","","","W","","THD_X_P_2.54_TOP_1_2_2","STIFTLEISTE-PF  1*   2POL RM2,54 GERADE"
"2.cmp694","X123","LMS-004369","50019232","green","","","","","","W","","THD_X_P_2.54_TOP_1_2_2","STIFTLEISTE-PF  1*   2POL RM2,54 GERADE"
"2.cmp693","X123","LMS-004369","50019232","green","","","","","","W","","THD_X_P_2.54_TOP_1_2_2","STIFTLEISTE-PF  1*   2POL RM2,54 GERADE"
"2.cmp696","X124","LMS-004369","50019232","green","","","","","","W","","THD_X_P_2.54_TOP_1_2_2","STIFTLEISTE-PF  1*   2POL RM2,54 GERADE"
"2.cmp695","X124","LMS-004369","50019232","green","","","","","","W","","THD_X_P_2.54_TOP_1_2_2","STIFTLEISTE-PF  1*   2POL RM2,54 GERADE"
"2.cmp698","X125","LMS-004369","50019232","green","","","","","","W","","THD_X_P_2.54_TOP_1_2_2","STIFTLEISTE-PF  1*   2POL RM2,54 GERADE"
"2.cmp697","X125","LMS-004369","50019232","green","","","","","","W","","THD_X_P_2.54_TOP_1_2_2","STIFTLEISTE-PF  1*   2POL RM2,54 GERADE"
"2.cmp700","X126","LMS-004369","50019232","green","","","","","","W","","THD_X_P_2.54_TOP_1_2_2","STIFTLEISTE-PF  1*   2POL RM2,54 GERADE"
"2.cmp699","X126","LMS-004369","50019232","green","","","","","","W","","THD_X_P_2.54_TOP_1_2_2","STIFTLEISTE-PF  1*   2POL RM2,54 GERADE"
"2.cmp701","X127","LMS-004369","50019232","green","","","","","","W","","THD_X_P_2.54_TOP_1_2_2","STIFTLEISTE-PF  1*   2POL RM2,54 GERADE"
"2.cmp702","X127","LMS-004369","50019232","green","","","","","","W","","THD_X_P_2.54_TOP_1_2_2","STIFTLEISTE-PF  1*   2POL RM2,54 GERADE"
"2.cmp704","X128","LMS-004369","50019232","green","","","","","","W","","THD_X_P_2.54_TOP_1_2_2","STIFTLEISTE-PF  1*   2POL RM2,54 GERADE"
"2.cmp703","X128","LMS-004369","50019232","green","","","","","","W","","THD_X_P_2.54_TOP_1_2_2","STIFTLEISTE-PF  1*   2POL RM2,54 GERADE"
"2.cmp706","X129","LMS-004369","50019232","green","","","","","","W","","THD_X_P_2.54_TOP_1_2_2","STIFTLEISTE-PF  1*   2POL RM2,54 GERADE"
"2.cmp705","X129","LMS-004369","50019232","green","","","","","","W","","THD_X_P_2.54_TOP_1_2_2","STIFTLEISTE-PF  1*   2POL RM2,54 GERADE"
"2.cmp708","X130","LMS-004369","50019232","green","","","","","","W","","THD_X_P_2.54_TOP_1_2_2","STIFTLEISTE-PF  1*   2POL RM2,54 GERADE"
"2.cmp707","X130","LMS-004369","50019232","green","","","","","","W","","THD_X_P_2.54_TOP_1_2_2","STIFTLEISTE-PF  1*   2POL RM2,54 GERADE"
"2.cmp710","X131","LMS-004369","50019232","green","","","","","","W","","THD_X_P_2.54_TOP_1_2_2","STIFTLEISTE-PF  1*   2POL RM2,54 GERADE"
"2.cmp709","X131","LMS-004369","50019232","green","","","","","","W","","THD_X_P_2.54_TOP_1_2_2","STIFTLEISTE-PF  1*   2POL RM2,54 GERADE"
